INDEX,COMMIT_ID,BUILD_SYSTEM,BUILD_STATUS,ERROR,ACTION
0,b6a06934,NOT_FOUND,FAIL,No build system detected,-
1,aac9e722,NOT_FOUND,FAIL,No build system detected,-
2,f36edb5d,NOT_FOUND,FAIL,No build system detected,-
3,de48375b,NOT_FOUND,FAIL,No build system detected,-
4,bc3741be,NOT_FOUND,FAIL,No build system detected,-
5,f268f458,NOT_FOUND,FAIL,No build system detected,-
6,4b1869eb,Ant,FAIL,Other Ant error,Other
7,a8ec4efa,Ant,FAIL,Other Ant error,Other
8,fbb9b839,Ant,FAIL,Other Ant error,Other
9,4cf0c7d9,Ant,FAIL,Other Ant error,Other
10,b77b7224,Ant,FAIL,Other Ant error,Other
11,1e752dcb,Ant,FAIL,Other Ant error,Other
12,bfc94ee7,Ant,FAIL,Other Ant error,Other
13,04f4f319,Ant,FAIL,Other Ant error,Other
14,538187aa,Ant,FAIL,Other Ant error,Other
15,8076b782,Ant,FAIL,Other Ant error,Other
16,2fd22847,Ant,FAIL,Other Ant error,Other
17,4b4c3992,Ant,FAIL,Other Ant error,Other
18,3216b428,Ant,FAIL,Other Ant error,Other
19,ce0bb8f5,Ant,FAIL,Other Ant error,Other
20,0bb3dfe2,Ant,FAIL,Other Ant error,Other
21,80bf2384,Ant,FAIL,Other Ant error,Other
22,350d4a44,Ant,FAIL,Other Ant error,Other
23,29416b4e,Ant,FAIL,Other Ant error,Other
24,88178256,Ant,FAIL,Other Ant error,Other
25,2bcc656e,Ant,FAIL,Other Ant error,Other
26,0be4c31f,Ant,FAIL,Other Ant error,Other
27,1ebb0155,Ant,FAIL,Other Ant error,Other
28,654f32b5,Ant,FAIL,Other Ant error,Other
29,8010c8e1,Ant,FAIL,Other Ant error,Other
30,d01c8286,Ant,FAIL,Other Ant error,Other
31,bac1a14e,Ant,FAIL,Other Ant error,Other
32,4a28bf95,Ant,FAIL,Other Ant error,Other
33,4999b515,Ant,FAIL,Other Ant error,Other
34,73df2e47,Ant,FAIL,Other Ant error,Other
35,60ff3abb,Ant,FAIL,Other Ant error,Other
36,16a63015,Ant,FAIL,Other Ant error,Other
37,f381b14b,Ant,FAIL,Other Ant error,Other
38,cd3f5f4c,Ant,FAIL,Other Ant error,Other
39,9af2e559,Ant,FAIL,Other Ant error,Other
40,a1fef439,Ant,FAIL,Other Ant error,Other
41,591fcae0,Ant,FAIL,Other Ant error,Other
42,a09388f3,Ant,FAIL,Other Ant error,Other
43,81839319,Ant,FAIL,Other Ant error,Other
44,a856c49f,Ant,FAIL,Other Ant error,Other
45,5e8bc3c9,Ant,FAIL,Other Ant error,Other
46,92746afa,Ant,FAIL,Other Ant error,Other
47,0000f685,Ant,FAIL,Other Ant error,Other
48,e12333b1,Ant,FAIL,Other Ant error,Other
49,8de968f5,Ant,FAIL,Other Ant error,Other
50,5b07ad19,Ant,FAIL,Other Ant error,Other
51,b75b4190,Ant,FAIL,Other Ant error,Other
52,4770bc0d,Ant,FAIL,Other Ant error,Other
53,6d5e6b5d,Ant,FAIL,Other Ant error,Other
54,e461be5a,Ant,FAIL,Other Ant error,Other
55,afd3f23f,Ant,FAIL,Other Ant error,Other
56,2e961cfe,Ant,FAIL,Other Ant error,Other
57,efe178a2,Ant,FAIL,Other Ant error,Other
58,69a8dad6,Ant,FAIL,Other Ant error,Other
59,0807a8cd,Ant,FAIL,Other Ant error,Other
60,b6a023c4,Ant,FAIL,Other Ant error,Other
61,86b71cb1,Ant,FAIL,Other Ant error,Other
62,58c50f29,Ant,FAIL,Other Ant error,Other
63,4cc2e3df,Ant,FAIL,Other Ant error,Other
64,94c8b398,Ant,FAIL,Other Ant error,Other
65,7d42d5ad,Ant,FAIL,Other Ant error,Other
66,8c46dd2f,Ant,FAIL,Other Ant error,Other
67,869f9ecf,Ant,FAIL,Other Ant error,Other
68,70566872,Ant,FAIL,Other Ant error,Other
69,f0f77ce5,Ant,FAIL,Other Ant error,Other
70,6ce5e73d,Ant,FAIL,Other Ant error,Other
71,d8a643fb,Ant,FAIL,Other Ant error,Other
72,9a866f6c,Ant,FAIL,Other Ant error,Other
73,9a629cbf,Ant,FAIL,Other Ant error,Other
74,d26e4d78,Ant,FAIL,Other Ant error,Other
75,4f94cdbb,Ant,FAIL,Other Ant error,Other
76,395b46b7,Ant,FAIL,Other Ant error,Other
77,3944908b,Ant,FAIL,Other Ant error,Other
78,80585501,Ant,FAIL,Other Ant error,Other
79,f7e1007f,Ant,FAIL,Other Ant error,Other
80,dd541a7c,Ant,FAIL,Other Ant error,Other
81,68287e8b,Ant,FAIL,Other Ant error,Other
82,eeb14df6,Ant,FAIL,Other Ant error,Other
83,c15ba99f,Ant,FAIL,Other Ant error,Other
84,2a57cc62,Ant,FAIL,Other Ant error,Other
85,858fe281,Ant,FAIL,Other Ant error,Other
86,7ab8d5e4,Ant,FAIL,Other Ant error,Other
87,a76e7c39,Ant,FAIL,Other Ant error,Other
88,15a12487,Ant,FAIL,Other Ant error,Other
89,0f8075ab,Ant,FAIL,Other Ant error,Other
90,4e8768dd,Ant,FAIL,Other Ant error,Other
91,a19a2d6c,Ant,FAIL,Other Ant error,Other
92,815f7e79,Ant,FAIL,Other Ant error,Other
93,e0882d4a,Ant,FAIL,Other Ant error,Other
94,7fef9cd8,Ant,FAIL,Other Ant error,Other
95,4fd2425a,Ant,FAIL,Other Ant error,Other
96,039f6e81,Ant,FAIL,Other Ant error,Other
97,ebe724e4,Ant,FAIL,Other Ant error,Other
98,9c83dfac,Ant,FAIL,Other Ant error,Other
99,c62a58a5,Ant,FAIL,Other Ant error,Other
100,8c1784e4,Ant,FAIL,Other Ant error,Other
101,e7707e88,Ant,FAIL,Other Ant error,Other
102,8a30e5a3,Ant,FAIL,Other Ant error,Other
103,a24fe64a,Ant,FAIL,Other Ant error,Other
104,5d0898b6,Ant,FAIL,Other Ant error,Other
105,819de4cc,Ant,FAIL,Other Ant error,Other
106,395e144b,Ant,FAIL,Other Ant error,Other
107,d3b3a19c,Ant,FAIL,Other Ant error,Other
108,f41f48d8,Ant,FAIL,Other Ant error,Other
109,6e918832,Ant,FAIL,Other Ant error,Other
110,39ed4a7c,Ant,FAIL,Other Ant error,Other
111,ac8987f3,Ant,FAIL,Other Ant error,Other
112,a692440f,Ant,FAIL,Other Ant error,Other
113,7b86b406,Ant,FAIL,Other Ant error,Other
114,083acd2f,Ant,FAIL,Other Ant error,Other
115,61dfcc67,Ant,FAIL,Other Ant error,Other
116,2523364e,Ant,FAIL,Other Ant error,Other
117,f0c169f7,Ant,FAIL,Other Ant error,Other
118,9dd2616c,Ant,FAIL,Other Ant error,Other
119,6c18a8d9,Ant,FAIL,Other Ant error,Other
120,b832960d,Ant,FAIL,Other Ant error,Other
121,5a274eab,Ant,FAIL,Other Ant error,Other
122,0f0c479d,Ant,FAIL,Other Ant error,Other
123,d2dce1b1,Ant,FAIL,Other Ant error,Other
124,c3c1b5ed,Ant,FAIL,Other Ant error,Other
125,4e318125,Ant,FAIL,Other Ant error,Other
126,45fd0de9,Ant,FAIL,Other Ant error,Other
127,108dc8c7,Ant,FAIL,Other Ant error,Other
128,3b5085de,Ant,FAIL,Other Ant error,Other
129,ffd5f087,Ant,FAIL,Other Ant error,Other
130,255f4723,Ant,FAIL,Other Ant error,Other
131,2d4de578,Ant,FAIL,Other Ant error,Other
132,1d1c507c,Ant,FAIL,Other Ant error,Other
133,3214326e,Ant,FAIL,Other Ant error,Other
134,2cd770c3,Ant,FAIL,Other Ant error,Other
135,68c5ef13,Ant,FAIL,Other Ant error,Other
136,f26e25b8,Ant,FAIL,Other Ant error,Other
137,3b3ddfb5,Ant,FAIL,Other Ant error,Other
138,20cdb2e7,Ant,FAIL,Other Ant error,Other
139,fd347129,Ant,FAIL,Other Ant error,Other
140,432e7e4e,Ant,FAIL,Other Ant error,Other
141,22faf2f2,Ant,FAIL,Other Ant error,Other
142,ece77fa4,Ant,FAIL,Other Ant error,Other
143,ba28bf0f,Ant,FAIL,Other Ant error,Other
144,a0fcd02f,Ant,FAIL,Other Ant error,Other
145,4dbf7b50,Ant,FAIL,Other Ant error,Other
146,38f9586a,Ant,FAIL,Other Ant error,Other
147,7dc6ac51,Ant,FAIL,Other Ant error,Other
148,22c88b4a,Ant,FAIL,Other Ant error,Other
149,ca34af5c,Ant,FAIL,Other Ant error,Other
150,0c47f4ce,Ant,FAIL,Other Ant error,Other
151,9744e4e5,Ant,FAIL,Other Ant error,Other
152,a0ce8855,Ant,FAIL,Other Ant error,Other
153,fb9f199f,Ant,FAIL,Other Ant error,Other
154,3e589db7,Ant,FAIL,Other Ant error,Other
155,0954736a,Ant,FAIL,Other Ant error,Other
156,5d91ecd5,Ant,FAIL,Other Ant error,Other
157,a0f0ee1b,Ant,FAIL,Other Ant error,Other
158,478f7f92,Ant,FAIL,Other Ant error,Other
159,168fe084,Ant,FAIL,Other Ant error,Other
160,d30d725d,Ant,FAIL,Other Ant error,Other
161,5b985849,Ant,FAIL,Other Ant error,Other
162,40fbc5dc,Ant,FAIL,Other Ant error,Other
163,d42e2fbc,Ant,FAIL,Other Ant error,Other
164,aad05f2d,Ant,FAIL,Other Ant error,Other
165,96171107,Ant,FAIL,Other Ant error,Other
166,23ab5179,Ant,FAIL,Other Ant error,Other
167,65d6b62d,Ant,FAIL,Other Ant error,Other
168,c5a4117b,Ant,FAIL,Other Ant error,Other
169,27988565,Ant,FAIL,Other Ant error,Other
170,42ed30ec,Ant,FAIL,Other Ant error,Other
171,a7d3b25c,Ant,FAIL,Other Ant error,Other
172,57f06901,Ant,FAIL,Other Ant error,Other
173,9ed4ce20,Ant,FAIL,Other Ant error,Other
174,0d365192,Ant,FAIL,Other Ant error,Other
175,1a3b19c3,Ant,FAIL,Other Ant error,Other
176,a04c2a15,Ant,FAIL,Other Ant error,Other
177,e060609c,Ant,FAIL,Other Ant error,Other
178,ee76b28e,Ant,FAIL,Other Ant error,Other
179,2d1e224c,Ant,FAIL,Other Ant error,Other
180,53b526eb,Ant,FAIL,Other Ant error,Other
181,be2fbfe3,Ant,FAIL,Other Ant error,Other
182,5cfc92d9,Ant,FAIL,Other Ant error,Other
183,b0c0b79a,Ant,FAIL,Other Ant error,Other
184,c73e3775,Ant,FAIL,Other Ant error,Other
185,66efcf66,Ant,FAIL,Other Ant error,Other
186,8d1e4680,Ant,FAIL,Other Ant error,Other
187,b4e91589,Ant,FAIL,Other Ant error,Other
188,048055d0,Ant,FAIL,Other Ant error,Other
189,398bf265,Ant,FAIL,Other Ant error,Other
190,04953218,Ant,FAIL,Other Ant error,Other
191,e08329ca,Ant,FAIL,Other Ant error,Other
192,5139a1be,Ant,FAIL,Other Ant error,Other
193,0cdf2971,Ant,FAIL,Other Ant error,Other
194,7d017e6b,Ant,FAIL,Other Ant error,Other
195,64f4559a,Ant,FAIL,Other Ant error,Other
196,40cc52cf,Ant,FAIL,Other Ant error,Other
197,22868154,Ant,FAIL,Other Ant error,Other
198,af00f9e0,Ant,FAIL,Other Ant error,Other
199,bc24f5bd,Ant,FAIL,Other Ant error,Other
200,1097f2c2,Ant,FAIL,Other Ant error,Other
201,10b674db,Ant,FAIL,Other Ant error,Other
202,6a83bc0f,Ant,FAIL,Other Ant error,Other
203,890b7b97,Ant,FAIL,Other Ant error,Other
204,88f0fe3c,Ant,FAIL,Other Ant error,Other
205,3d7fee93,Ant,FAIL,Other Ant error,Other
206,aa7047aa,Ant,FAIL,Other Ant error,Other
207,de7ac4a1,Ant,FAIL,Other Ant error,Other
208,071887a1,Ant,FAIL,Other Ant error,Other
209,1357ec0c,Ant,FAIL,Other Ant error,Other
210,141a144b,Ant,FAIL,Other Ant error,Other
211,7f08797e,Ant,FAIL,Other Ant error,Other
212,a9482d75,Ant,FAIL,Other Ant error,Other
213,52b67dfe,Ant,FAIL,Other Ant error,Other
214,3d170535,Ant,FAIL,Other Ant error,Other
215,edf02bd3,Ant,FAIL,Other Ant error,Other
216,e609d1de,Ant,FAIL,Other Ant error,Other
217,187f007d,Ant,FAIL,Other Ant error,Other
218,67e270ef,Ant,FAIL,Other Ant error,Other
219,5751178d,Ant,FAIL,Other Ant error,Other
220,8329046b,Ant,FAIL,Other Ant error,Other
221,121f283a,Ant,FAIL,Other Ant error,Other
222,8ce9b2ff,Ant,FAIL,Other Ant error,Other
223,24eacde6,Ant,FAIL,Other Ant error,Other
224,db89759c,Ant,FAIL,Other Ant error,Other
225,521fdb5a,Ant,FAIL,Other Ant error,Other
226,3b75d00d,Ant,FAIL,Other Ant error,Other
227,dabf9f91,Ant,FAIL,Other Ant error,Other
228,e8a2d8e8,Ant,FAIL,Other Ant error,Other
229,31f3f7c9,Ant,FAIL,Other Ant error,Other
230,87245d66,Ant,FAIL,Other Ant error,Other
231,bd7bff7c,Ant,FAIL,Other Ant error,Other
232,6acc164b,Ant,FAIL,Other Ant error,Other
233,22a6c685,Ant,FAIL,Other Ant error,Other
234,fcf95d1d,Ant,FAIL,Other Ant error,Other
235,b7bb33dd,Ant,FAIL,Other Ant error,Other
236,cf84e707,Ant,FAIL,Other Ant error,Other
237,97cc9acf,Ant,FAIL,Other Ant error,Other
238,3c504319,Ant,FAIL,Other Ant error,Other
239,ee235bc8,Ant,FAIL,Other Ant error,Other
240,72ee45be,Ant,FAIL,Other Ant error,Other
241,7352be87,Ant,FAIL,Other Ant error,Other
242,45899955,Ant,FAIL,Other Ant error,Other
243,7a2a3811,Ant,FAIL,Other Ant error,Other
244,1299fcdd,Ant,FAIL,Other Ant error,Other
245,5999d21c,Ant,FAIL,Other Ant error,Other
246,4ada00f2,Ant,FAIL,Other Ant error,Other
247,0096ac6e,Ant,FAIL,Other Ant error,Other
248,d322fe6d,Ant,FAIL,Other Ant error,Other
249,85c570ea,Ant,FAIL,Other Ant error,Other
250,79d696c8,Ant,FAIL,Other Ant error,Other
251,7ce9e33e,Ant,FAIL,Other Ant error,Other
252,c43c3c5d,Ant,FAIL,Other Ant error,Other
253,0174b15e,Ant,FAIL,Other Ant error,Other
254,9a192ede,Ant,FAIL,Other Ant error,Other
255,35f5f3a7,Ant,FAIL,Other Ant error,Other
256,061018f9,Ant,FAIL,Other Ant error,Other
257,72fad621,Ant,FAIL,Other Ant error,Other
258,149ecd4d,Ant,FAIL,Other Ant error,Other
259,787ed4e5,Ant,FAIL,Other Ant error,Other
260,1fe4f253,Ant,FAIL,Other Ant error,Other
261,f9813095,Ant,FAIL,Other Ant error,Other
262,43b0fe35,Ant,FAIL,Other Ant error,Other
263,679e5dd3,Ant,FAIL,Other Ant error,Other
264,4081076e,Ant,FAIL,Other Ant error,Other
265,a58514ae,Ant,FAIL,Other Ant error,Other
266,57302f0d,Ant,FAIL,Other Ant error,Other
267,576377b9,Ant,FAIL,Other Ant error,Other
268,44e7458b,Ant,FAIL,Other Ant error,Other
269,2bb6d5de,Ant,FAIL,Other Ant error,Other
270,6887479f,Ant,FAIL,Other Ant error,Other
271,b333208c,Ant,FAIL,Other Ant error,Other
272,4d9c88e3,Ant,FAIL,Other Ant error,Other
273,1350d056,Ant,FAIL,Other Ant error,Other
274,bd8a96db,Ant,FAIL,Other Ant error,Other
275,a4c68872,Ant,FAIL,Other Ant error,Other
276,f0ef837a,Ant,FAIL,Other Ant error,Other
277,0e1c9269,Ant,FAIL,Other Ant error,Other
278,0dbe9eef,Ant,FAIL,Other Ant error,Other
279,de43b277,Ant,FAIL,Other Ant error,Other
280,59b1e292,Ant,FAIL,Other Ant error,Other
281,4e1018a9,Ant,FAIL,Other Ant error,Other
282,4cb9a65f,Ant,FAIL,Other Ant error,Other
283,73015005,Ant,FAIL,Other Ant error,Other
284,1d982e53,Ant,FAIL,Other Ant error,Other
285,24a5aad1,Ant,FAIL,Other Ant error,Other
286,07b83461,Ant,FAIL,Other Ant error,Other
287,0c5906ab,Ant,FAIL,Other Ant error,Other
288,53e85db0,Ant,FAIL,Other Ant error,Other
289,8bed6c92,Ant,FAIL,Other Ant error,Other
290,2807ff63,Ant,FAIL,Other Ant error,Other
291,08ee65bc,Ant,FAIL,Other Ant error,Other
292,7ae578fb,Ant,FAIL,Other Ant error,Other
293,a6368e40,Ant,FAIL,Other Ant error,Other
294,94ebd933,Ant,FAIL,Other Ant error,Other
295,7ac5c16b,Ant,FAIL,Other Ant error,Other
296,36beacd2,Ant,FAIL,Other Ant error,Other
297,b9ce8701,Ant,FAIL,Other Ant error,Other
298,9423b224,Ant,FAIL,Other Ant error,Other
299,a3e0b1c6,Ant,FAIL,Other Ant error,Other
300,fc7d4be8,Ant,FAIL,Other Ant error,Other
301,833a511d,Ant,FAIL,Other Ant error,Other
302,897fa222,Ant,FAIL,Other Ant error,Other
303,2754ea86,Ant,FAIL,Other Ant error,Other
304,f94a70c6,Ant,FAIL,Other Ant error,Other
305,6b3b9eba,Ant,FAIL,Other Ant error,Other
306,af8967fa,Ant,FAIL,Other Ant error,Other
307,eb095d6d,Ant,FAIL,Other Ant error,Other
308,f8a42db5,Ant,FAIL,Other Ant error,Other
309,804f76fd,Ant,FAIL,Other Ant error,Other
310,8226e3e6,Ant,FAIL,Other Ant error,Other
311,79eaab79,Ant,FAIL,Other Ant error,Other
312,1e2c9d64,Ant,FAIL,Other Ant error,Other
313,b52e4af4,Ant,FAIL,Other Ant error,Other
314,81ef6725,Ant,FAIL,Other Ant error,Other
315,2b56dbb4,Ant,FAIL,Other Ant error,Other
316,9a5dfd99,Ant,FAIL,Other Ant error,Other
317,f06b01dc,Ant,FAIL,Other Ant error,Other
318,4dd7049a,Ant,FAIL,Other Ant error,Other
319,647e9ff7,Ant,FAIL,Other Ant error,Other
320,77ecd211,Ant,FAIL,Other Ant error,Other
321,3a791ec7,Ant,FAIL,Other Ant error,Other
322,75f78924,Ant,FAIL,Other Ant error,Other
323,4892e000,Ant,FAIL,Other Ant error,Other
324,23415d78,Ant,FAIL,Other Ant error,Other
325,9ba0d7a6,Ant,FAIL,Other Ant error,Other
326,1796fa2d,Ant,FAIL,Other Ant error,Other
327,4d1d0bb9,Ant,FAIL,Other Ant error,Other
328,70fcf98c,Ant,FAIL,Other Ant error,Other
329,5ca9ec43,Ant,FAIL,Other Ant error,Other
330,0d6cd750,Ant,FAIL,Other Ant error,Other
331,a7c07de6,Ant,FAIL,Other Ant error,Other
332,da9a91f7,Ant,FAIL,Other Ant error,Other
333,8a8008c9,Ant,FAIL,Other Ant error,Other
334,ea470860,Ant,FAIL,Other Ant error,Other
335,2a6d6365,Ant,FAIL,Other Ant error,Other
336,44fabd25,Ant,FAIL,Other Ant error,Other
337,0fa19baf,Ant,FAIL,Other Ant error,Other
338,03411db6,Ant,FAIL,Other Ant error,Other
339,1e4a3ba0,Ant,FAIL,Other Ant error,Other
340,7fe2a0e6,Ant,FAIL,Other Ant error,Other
341,840b02e4,Ant,FAIL,Other Ant error,Other
342,8964b105,Ant,FAIL,Other Ant error,Other
343,42beed3a,Ant,FAIL,Other Ant error,Other
344,56ac8637,Ant,FAIL,Other Ant error,Other
345,9e4dcfe4,Ant,FAIL,Other Ant error,Other
346,490964da,Ant,FAIL,Other Ant error,Other
347,65e9f226,Ant,FAIL,Other Ant error,Other
348,478900d7,Ant,FAIL,Other Ant error,Other
349,163b0fe0,Ant,FAIL,Other Ant error,Other
350,e727dd6b,Ant,FAIL,Other Ant error,Other
351,95bd62b2,Ant,FAIL,Other Ant error,Other
352,9c8d59d9,Ant,FAIL,Other Ant error,Other
353,5e4f8e7f,Ant,FAIL,Other Ant error,Other
354,5af049ca,Ant,FAIL,Other Ant error,Other
355,09fcafc0,Ant,FAIL,Other Ant error,Other
356,b8008562,Ant,FAIL,Other Ant error,Other
357,7ceaea00,Ant,FAIL,Other Ant error,Other
358,b067fc9b,Ant,FAIL,Other Ant error,Other
359,248bdb82,Ant,FAIL,Other Ant error,Other
360,18299dc8,Ant,FAIL,Other Ant error,Other
361,e37e1164,Ant,FAIL,Other Ant error,Other
362,58d1b620,Ant,FAIL,Other Ant error,Other
363,1fb24143,Ant,FAIL,Other Ant error,Other
364,4dcf3a49,Ant,FAIL,Other Ant error,Other
365,a916d413,Ant,FAIL,Other Ant error,Other
366,d148bce8,Ant,FAIL,Other Ant error,Other
367,497ebf11,Ant,FAIL,Other Ant error,Other
368,c732aa17,Ant,FAIL,Other Ant error,Other
369,af9634a3,Ant,FAIL,Other Ant error,Other
370,74fe2493,Ant,FAIL,Other Ant error,Other
371,9f52d1c9,Ant,FAIL,Other Ant error,Other
372,cde32fb6,Ant,FAIL,Other Ant error,Other
373,4f405a49,Ant,FAIL,Other Ant error,Other
374,752727de,Ant,FAIL,Other Ant error,Other
375,5042f695,Ant,FAIL,Other Ant error,Other
376,47114275,Ant,FAIL,Other Ant error,Other
377,a90f320b,Ant,FAIL,Other Ant error,Other
378,54af3dfc,Ant,FAIL,Other Ant error,Other
379,6ff2381a,Ant,FAIL,Other Ant error,Other
380,67e3edf2,Ant,FAIL,Other Ant error,Other
381,37a61180,Ant,FAIL,Other Ant error,Other
382,d9c908b9,Ant,FAIL,Other Ant error,Other
383,d61e2885,Ant,FAIL,Other Ant error,Other
384,b521f9fb,Ant,FAIL,Other Ant error,Other
385,ae725a01,Ant,FAIL,Other Ant error,Other
386,98555e6c,Ant,FAIL,Other Ant error,Other
387,b5a8d4e8,Ant,FAIL,Other Ant error,Other
388,ef32d036,Ant,FAIL,Other Ant error,Other
389,6b182284,Ant,FAIL,Other Ant error,Other
390,56dcf528,Ant,FAIL,Other Ant error,Other
391,217bb1bf,Ant,FAIL,Other Ant error,Other
392,3a7fe9fb,Ant,FAIL,Other Ant error,Other
393,f691c8f2,Ant,FAIL,Other Ant error,Other
394,65ff7563,Ant,FAIL,Other Ant error,Other
395,99b37a20,Ant,FAIL,Other Ant error,Other
396,23ce44ae,Ant,FAIL,Other Ant error,Other
397,5c61adf6,Ant,FAIL,Other Ant error,Other
398,f49fb25b,Ant,FAIL,Other Ant error,Other
399,078e45bd,Ant,FAIL,Other Ant error,Other
400,9bd1be07,Ant,FAIL,Other Ant error,Other
401,0c845253,Ant,FAIL,Other Ant error,Other
402,3ef1b3ac,Ant,FAIL,Other Ant error,Other
403,8c614437,Ant,FAIL,Other Ant error,Other
404,eb2750d8,Ant,FAIL,Other Ant error,Other
405,96d7dd60,Ant,FAIL,Other Ant error,Other
406,0b1337a4,Ant,FAIL,Other Ant error,Other
407,d8b6eb74,Ant,FAIL,Other Ant error,Other
408,e2033a18,Ant,FAIL,Other Ant error,Other
409,29f11791,Ant,FAIL,Other Ant error,Other
410,412519b2,Ant,FAIL,Other Ant error,Other
411,8e3f3614,Ant,FAIL,Other Ant error,Other
412,c96215c5,Ant,FAIL,Other Ant error,Other
413,a9815c0f,Ant,FAIL,Other Ant error,Other
414,0b6e837f,Ant,FAIL,Other Ant error,Other
415,5cac7b8b,Ant,FAIL,Other Ant error,Other
416,7a3e9963,Ant,FAIL,Other Ant error,Other
417,28124c61,Ant,FAIL,Other Ant error,Other
418,9df5017f,Ant,FAIL,Other Ant error,Other
419,6aea9311,Ant,FAIL,Other Ant error,Other
420,123432f7,Ant,FAIL,Other Ant error,Other
421,9a789a40,Ant,FAIL,Other Ant error,Other
422,979e8abb,Ant,FAIL,Other Ant error,Other
423,1fcd990f,Ant,FAIL,Other Ant error,Other
424,e07e59eb,Ant,FAIL,Other Ant error,Other
425,5d957024,Ant,FAIL,Other Ant error,Other
426,16122944,Ant,FAIL,Other Ant error,Other
427,30a03985,Ant,FAIL,Other Ant error,Other
428,b0b34427,Ant,FAIL,Other Ant error,Other
429,dd9ee989,Ant,FAIL,Other Ant error,Other
430,94d454a3,Ant,FAIL,Other Ant error,Other
431,a07f1be1,Ant,FAIL,Other Ant error,Other
432,095d3f8d,Ant,FAIL,Other Ant error,Other
433,50b9c949,Ant,FAIL,Other Ant error,Other
434,b5bf89de,Ant,FAIL,Other Ant error,Other
435,ca6d91f4,Ant,FAIL,Other Ant error,Other
436,0b65be5d,Ant,FAIL,Other Ant error,Other
437,c5ece65f,Ant,FAIL,Other Ant error,Other
438,3dd6b9fc,Ant,FAIL,Other Ant error,Other
439,a36466e1,Ant,FAIL,Other Ant error,Other
440,71ce2b01,Ant,FAIL,Other Ant error,Other
441,c68a2ac4,Ant,FAIL,Other Ant error,Other
442,7e77e49c,Ant,FAIL,Other Ant error,Other
443,336d9460,Ant,FAIL,Other Ant error,Other
444,1c1a6f80,Ant,FAIL,Other Ant error,Other
445,5a7824ae,Ant,FAIL,Other Ant error,Other
446,c80a2540,Ant,FAIL,Other Ant error,Other
447,829ca4d3,Ant,FAIL,Other Ant error,Other
448,c4e7dfe1,Ant,FAIL,Other Ant error,Other
449,68f1e62d,Ant,FAIL,Other Ant error,Other
450,8760e505,Ant,FAIL,Other Ant error,Other
451,3a961b7f,Ant,FAIL,Other Ant error,Other
452,8c91ac2c,Ant,FAIL,Other Ant error,Other
453,432e3e27,Ant,FAIL,Other Ant error,Other
454,cec4a6ba,Ant,FAIL,Other Ant error,Other
455,143c9647,Ant,FAIL,Other Ant error,Other
456,a72b0dbe,Ant,FAIL,Other Ant error,Other
457,378e1796,Ant,FAIL,Other Ant error,Other
458,451ca121,Ant,FAIL,Other Ant error,Other
459,ce7bda33,Ant,FAIL,Other Ant error,Other
460,df48b66e,Ant,FAIL,Other Ant error,Other
461,fab8f0da,Ant,FAIL,Other Ant error,Other
462,d6662fcc,Ant,FAIL,Other Ant error,Other
463,85578d48,Ant,FAIL,Other Ant error,Other
464,8d9ac8d6,Ant,FAIL,Other Ant error,Other
465,b294a12b,Ant,FAIL,Other Ant error,Other
466,fa648326,Ant,FAIL,Other Ant error,Other
467,41cbbf7e,Ant,FAIL,Other Ant error,Other
468,421ab330,Ant,FAIL,Other Ant error,Other
469,c12af8eb,Ant,FAIL,Other Ant error,Other
470,90bf3119,Ant,FAIL,Other Ant error,Other
471,34dd9f4e,Ant,FAIL,Other Ant error,Other
472,b00f4c6d,NOT_FOUND,FAIL,No build system detected,-
473,d9c81356,Ant,FAIL,Other Ant error,Other
474,82672bf4,Ant,FAIL,Other Ant error,Other
475,72b5cecd,Ant,FAIL,Other Ant error,Other
476,b58da5a3,Ant,FAIL,Other Ant error,Other
477,b0c9945e,Ant,FAIL,Other Ant error,Other
478,37c590a7,Ant,FAIL,Other Ant error,Other
479,a20a0181,Ant,FAIL,Other Ant error,Other
480,f2ec67ec,Ant,FAIL,Other Ant error,Other
481,28fb91ac,Ant,FAIL,Other Ant error,Other
482,894bfd3c,Ant,FAIL,Other Ant error,Other
483,6eb76c8b,Ant,FAIL,Other Ant error,Other
484,474df716,Ant,FAIL,Other Ant error,Other
485,6664bd27,Ant,FAIL,Other Ant error,Other
486,d6c79c0f,Ant,FAIL,Other Ant error,Other
487,9a2e993c,Ant,FAIL,Other Ant error,Other
488,95da3929,Ant,FAIL,Other Ant error,Other
489,f3c21145,Ant,FAIL,Other Ant error,Other
490,8e20f520,Ant,FAIL,Other Ant error,Other
491,c62a7f42,Ant,FAIL,Other Ant error,Other
492,5ace9339,Ant,FAIL,Other Ant error,Other
493,6abd4e65,Ant,FAIL,Other Ant error,Other
494,68e5927e,Ant,FAIL,Other Ant error,Other
495,06d51556,Ant,FAIL,Other Ant error,Other
496,70986438,Ant,FAIL,Other Ant error,Other
497,e980c593,Ant,FAIL,Other Ant error,Other
498,1bb1eafe,Ant,FAIL,Other Ant error,Other
499,af500af7,Ant,FAIL,Other Ant error,Other
500,ef929258,Ant,FAIL,Other Ant error,Other
501,469dcc78,Ant,FAIL,Other Ant error,Other
502,b5e956d7,Ant,FAIL,Other Ant error,Other
503,b5e98858,Ant,FAIL,Other Ant error,Other
504,60f3a3f3,Ant,FAIL,Other Ant error,Other
505,480b98e7,Ant,FAIL,Other Ant error,Other
506,0cb606ac,Ant,FAIL,Other Ant error,Other
507,c1642724,Ant,FAIL,Other Ant error,Other
508,912e94ca,Ant,FAIL,Other Ant error,Other
509,17087303,Ant,FAIL,Other Ant error,Other
510,b923fa8a,Ant,FAIL,Other Ant error,Other
511,aeab84ea,Ant,FAIL,Other Ant error,Other
512,f97081d6,Ant,FAIL,Other Ant error,Other
513,231238f2,Ant,FAIL,Other Ant error,Other
514,f9168cb0,Ant,FAIL,Other Ant error,Other
515,c7bae853,Ant,FAIL,Other Ant error,Other
516,c7fe9c82,Ant,FAIL,Other Ant error,Other
517,5725c695,Ant,FAIL,Other Ant error,Other
518,a06b6ba4,Ant,FAIL,Other Ant error,Other
519,e5fa2ab3,Ant,FAIL,Other Ant error,Other
520,743e4664,Ant,FAIL,Other Ant error,Other
521,71ad9474,Ant,FAIL,Other Ant error,Other
522,d32a0713,Ant,FAIL,Other Ant error,Other
523,c8059f09,Ant,FAIL,Other Ant error,Other
524,fd1111ed,Ant,FAIL,Other Ant error,Other
525,f5fa4205,Ant,FAIL,Other Ant error,Other
526,3e7f1f74,Ant,FAIL,Other Ant error,Other
527,28d40d93,Ant,FAIL,Other Ant error,Other
528,e281409e,Ant,FAIL,Other Ant error,Other
529,3989f927,Ant,FAIL,Other Ant error,Other
530,b2355996,Ant,FAIL,Other Ant error,Other
531,503a3b0d,Ant,FAIL,Other Ant error,Other
532,597c3eb4,Ant,FAIL,Other Ant error,Other
533,ac7a1f1b,Ant,FAIL,Other Ant error,Other
534,34e4e5ac,Ant,FAIL,Other Ant error,Other
535,3e06324a,Ant,FAIL,Other Ant error,Other
536,c04b0d3a,Ant,FAIL,Other Ant error,Other
537,e1869589,Ant,FAIL,Other Ant error,Other
538,6c942aec,Ant,FAIL,Other Ant error,Other
539,70a58066,Ant,FAIL,Other Ant error,Other
540,2b9ba554,Ant,FAIL,Other Ant error,Other
541,3d6e99e9,Ant,FAIL,Other Ant error,Other
542,c7874453,Ant,FAIL,Other Ant error,Other
543,19869a29,Ant,FAIL,Other Ant error,Other
544,e13f8cdc,Ant,FAIL,Other Ant error,Other
545,11f0abd0,Ant,FAIL,Other Ant error,Other
546,821cf4a8,Ant,FAIL,Other Ant error,Other
547,82dd2b3c,Ant,FAIL,Other Ant error,Other
548,233f8896,Ant,FAIL,Other Ant error,Other
549,764c97d2,Ant,FAIL,Other Ant error,Other
550,a24d1ce6,Ant,FAIL,Other Ant error,Other
551,015c02e0,Ant,FAIL,Other Ant error,Other
552,8b507d79,Ant,FAIL,Other Ant error,Other
553,4eec09ae,Ant,FAIL,Other Ant error,Other
554,d0f619bf,Ant,FAIL,Other Ant error,Other
555,0dc3de7f,Ant,FAIL,Other Ant error,Other
556,3d08ecc6,Ant,FAIL,Other Ant error,Other
557,025ccd13,Ant,FAIL,Other Ant error,Other
558,44e2ed65,Ant,FAIL,Other Ant error,Other
559,bf5199cc,Ant,FAIL,Other Ant error,Other
560,00082666,Ant,FAIL,Other Ant error,Other
561,f5a10efb,Ant,FAIL,Other Ant error,Other
562,30a17cfd,Ant,FAIL,Other Ant error,Other
563,fdc9cd5e,Ant,FAIL,Other Ant error,Other
564,31cbeb4f,Ant,FAIL,Other Ant error,Other
565,b77d9de8,Ant,FAIL,Other Ant error,Other
566,e5a30165,Ant,FAIL,Other Ant error,Other
567,219beb35,Ant,FAIL,Other Ant error,Other
568,4f9eee58,Ant,FAIL,Other Ant error,Other
569,8b87e991,Ant,FAIL,Other Ant error,Other
570,b3a0b515,Ant,FAIL,Other Ant error,Other
571,d678dd30,Ant,FAIL,Other Ant error,Other
572,796e723c,Ant,FAIL,Other Ant error,Other
573,6aa1fb42,Ant,FAIL,Other Ant error,Other
574,b94a710a,Ant,FAIL,Other Ant error,Other
575,23865799,Ant,FAIL,Other Ant error,Other
576,2527d9ad,Ant,FAIL,Other Ant error,Other
577,0a689330,Ant,FAIL,Other Ant error,Other
578,9f184011,Ant,FAIL,Other Ant error,Other
579,441ab850,Ant,FAIL,Other Ant error,Other
580,cc84ff1b,Ant,FAIL,Other Ant error,Other
581,79b869ef,Ant,FAIL,Other Ant error,Other
582,4d6f0702,Ant,FAIL,Other Ant error,Other
583,ad5971c8,Ant,FAIL,Other Ant error,Other
584,d596c6a0,Ant,FAIL,Other Ant error,Other
585,73e8fa81,Ant,FAIL,Other Ant error,Other
586,dafc0ed8,Ant,FAIL,Other Ant error,Other
587,5ea6b122,Ant,FAIL,Other Ant error,Other
588,ff2ff917,Ant,FAIL,Other Ant error,Other
589,b737131b,Ant,FAIL,Other Ant error,Other
590,95779101,Ant,FAIL,Other Ant error,Other
591,d8267a16,Ant,FAIL,Other Ant error,Other
592,8435a2a0,Ant,FAIL,Other Ant error,Other
593,13bda470,Ant,FAIL,Other Ant error,Other
594,ac837502,Ant,FAIL,Other Ant error,Other
595,3bcf273c,Ant,FAIL,Other Ant error,Other
596,f2594e30,Ant,FAIL,Other Ant error,Other
597,956f86fa,Ant,FAIL,Other Ant error,Other
598,198df01b,Ant,FAIL,Other Ant error,Other
599,507e7b17,Ant,FAIL,Other Ant error,Other
600,7b94e3de,Ant,FAIL,Other Ant error,Other
601,5eaf0fb0,Ant,FAIL,Other Ant error,Other
602,b8640d1e,Ant,FAIL,Other Ant error,Other
603,b3ee106f,Ant,FAIL,Other Ant error,Other
604,a2bf9702,Ant,FAIL,Other Ant error,Other
605,bbcb8f41,Ant,FAIL,Other Ant error,Other
606,85d42f2e,Ant,FAIL,Other Ant error,Other
607,38f92050,Ant,FAIL,Other Ant error,Other
608,1e54b68d,Ant,FAIL,Other Ant error,Other
609,e6769d40,Ant,FAIL,Other Ant error,Other
610,f67bd3c3,Ant,FAIL,Other Ant error,Other
611,26fa0a42,Ant,FAIL,Other Ant error,Other
612,96fd024b,Ant,FAIL,Other Ant error,Other
613,b5573b70,Ant,FAIL,Other Ant error,Other
614,356a069f,Ant,FAIL,Other Ant error,Other
615,798b5549,Ant,FAIL,Other Ant error,Other
616,610b38e6,Ant,FAIL,Other Ant error,Other
617,5ccb8e7c,Ant,FAIL,Other Ant error,Other
618,5261a76c,Ant,FAIL,Other Ant error,Other
619,fb7e4708,Ant,FAIL,Other Ant error,Other
620,26a9910d,Ant,FAIL,Other Ant error,Other
621,618d9ac9,Ant,FAIL,Other Ant error,Other
622,7ca2c7d2,Ant,FAIL,Other Ant error,Other
623,e35fb32e,Ant,FAIL,Other Ant error,Other
624,695ae54e,Ant,FAIL,Other Ant error,Other
625,52e61a55,Ant,FAIL,Other Ant error,Other
626,2ad9d09e,Ant,FAIL,Other Ant error,Other
627,fd925dc6,Ant,FAIL,Other Ant error,Other
628,7dd6711c,Ant,FAIL,Other Ant error,Other
629,e3f50a17,Ant,FAIL,Other Ant error,Other
630,67c31453,Ant,FAIL,Other Ant error,Other
631,9164fdee,Ant,FAIL,Other Ant error,Other
632,68e573bb,Ant,FAIL,Other Ant error,Other
633,96635b87,Ant,FAIL,Other Ant error,Other
634,8a9c52df,Ant,FAIL,Other Ant error,Other
635,505f7705,Ant,FAIL,Other Ant error,Other
636,a5aa7cf7,Ant,FAIL,Other Ant error,Other
637,79b7c3e8,Ant,FAIL,Other Ant error,Other
638,323e55fb,Ant,FAIL,Other Ant error,Other
639,3762b9a6,Ant,FAIL,Other Ant error,Other
640,89c38cee,Ant,FAIL,Other Ant error,Other
641,0b57f033,Ant,FAIL,Other Ant error,Other
642,275d1772,Ant,FAIL,Other Ant error,Other
643,d5af0e46,Ant,FAIL,Other Ant error,Other
644,a0192813,Ant,FAIL,Other Ant error,Other
645,c9e0f1a3,Ant,FAIL,Other Ant error,Other
646,3f05aac1,Ant,FAIL,Other Ant error,Other
647,a402014d,Ant,FAIL,Other Ant error,Other
648,9ee28081,Ant,FAIL,Other Ant error,Other
649,a4231174,Ant,FAIL,Other Ant error,Other
650,7c6809f4,Ant,FAIL,Other Ant error,Other
651,2e9a239f,Ant,FAIL,Other Ant error,Other
652,20dd0741,Ant,FAIL,Other Ant error,Other
653,cd609683,Ant,FAIL,Other Ant error,Other
654,11258fcf,Ant,FAIL,Other Ant error,Other
655,077d4657,Ant,FAIL,Other Ant error,Other
656,50b77b1f,Ant,FAIL,Other Ant error,Other
657,e9e9b31a,Ant,FAIL,Other Ant error,Other
658,b2ebdc0a,Ant,FAIL,Other Ant error,Other
659,be06ab8b,Ant,FAIL,Other Ant error,Other
660,fea583af,Ant,FAIL,Other Ant error,Other
661,8088946a,Ant,FAIL,Other Ant error,Other
662,cb1d4dfd,Ant,FAIL,Other Ant error,Other
663,e4c7fac8,Ant,FAIL,Other Ant error,Other
664,fc7acc64,Ant,FAIL,Other Ant error,Other
665,223b34b5,Ant,FAIL,Other Ant error,Other
666,5501ad5d,Ant,FAIL,Other Ant error,Other
667,4b549360,Ant,FAIL,Other Ant error,Other
668,8e313a1e,Ant,FAIL,Other Ant error,Other
669,409a8e06,Ant,FAIL,Other Ant error,Other
670,573ae79e,Ant,FAIL,Other Ant error,Other
671,23cee0d1,Ant,FAIL,Other Ant error,Other
672,b4a19d90,Ant,FAIL,Other Ant error,Other
673,58723f03,Ant,FAIL,Other Ant error,Other
674,c1fb11d4,Ant,FAIL,Other Ant error,Other
675,24466485,Ant,FAIL,Other Ant error,Other
676,dc5b5896,Ant,FAIL,Other Ant error,Other
677,9218455d,Ant,FAIL,Other Ant error,Other
678,dee8a47a,Ant,FAIL,Other Ant error,Other
679,003f66a2,Ant,FAIL,Other Ant error,Other
680,d8da2f69,Ant,FAIL,Other Ant error,Other
681,303f7418,Ant,FAIL,Other Ant error,Other
682,7a0a6839,Ant,FAIL,Other Ant error,Other
683,734ab518,Ant,FAIL,Other Ant error,Other
684,54917b88,Ant,FAIL,Other Ant error,Other
685,c8657376,Ant,FAIL,Other Ant error,Other
686,82169027,Ant,FAIL,Other Ant error,Other
687,a1813f62,Ant,FAIL,Other Ant error,Other
688,97afc5e2,Ant,FAIL,Other Ant error,Other
689,99a84a54,Ant,FAIL,Other Ant error,Other
690,d2da6a55,Ant,FAIL,Other Ant error,Other
691,44959ec2,Ant,FAIL,Other Ant error,Other
692,3a6ea36c,Ant,FAIL,Other Ant error,Other
693,017ce048,Ant,FAIL,Other Ant error,Other
694,4e2455b1,Ant,FAIL,Other Ant error,Other
695,c618504a,Ant,FAIL,Other Ant error,Other
696,15815f55,Ant,FAIL,Other Ant error,Other
697,b0b1c800,Ant,FAIL,Other Ant error,Other
698,cc24890c,Ant,FAIL,Other Ant error,Other
699,df858175,Ant,FAIL,Other Ant error,Other
700,23ffc6ba,Ant,FAIL,Other Ant error,Other
701,a8629da9,Ant,FAIL,Other Ant error,Other
702,7e74bfd6,Ant,FAIL,Other Ant error,Other
703,a268686d,Ant,FAIL,Other Ant error,Other
704,bf01cb02,Ant,FAIL,Other Ant error,Other
705,75614895,Ant,FAIL,Other Ant error,Other
706,2e63af60,Ant,FAIL,Other Ant error,Other
707,a68ae088,Ant,FAIL,Other Ant error,Other
708,28d398d0,Ant,FAIL,Other Ant error,Other
709,13f652c7,Ant,FAIL,Other Ant error,Other
710,758ec7fd,Ant,FAIL,Other Ant error,Other
711,e5782ce2,Ant,FAIL,Other Ant error,Other
712,334bf585,Ant,FAIL,Other Ant error,Other
713,9ddffd19,Ant,FAIL,Other Ant error,Other
714,79ef5a7e,Ant,FAIL,Other Ant error,Other
715,8313ec50,Ant,FAIL,Other Ant error,Other
716,01716157,Ant,FAIL,Other Ant error,Other
717,31213175,Ant,FAIL,Other Ant error,Other
718,ee598b38,Ant,FAIL,Other Ant error,Other
719,ce810b76,Ant,FAIL,Other Ant error,Other
720,46036e71,Ant,FAIL,Other Ant error,Other
721,74bb7d86,Ant,FAIL,Other Ant error,Other
722,81821e83,Ant,FAIL,Other Ant error,Other
723,4abb65c5,Ant,FAIL,Other Ant error,Other
724,74fe490c,Ant,FAIL,Other Ant error,Other
725,5b5a17d3,Ant,FAIL,Other Ant error,Other
726,71980abb,Ant,FAIL,Other Ant error,Other
727,a8a05d5b,Ant,FAIL,Other Ant error,Other
728,9eab1418,Ant,FAIL,Other Ant error,Other
729,4a678cd7,Ant,FAIL,Other Ant error,Other
730,0085f283,Ant,FAIL,Other Ant error,Other
731,b0902ca1,Ant,FAIL,Other Ant error,Other
732,63f40a83,Ant,FAIL,Other Ant error,Other
733,7aac4b19,Ant,FAIL,Other Ant error,Other
734,0c45278e,Ant,FAIL,Other Ant error,Other
735,c8a70525,Ant,FAIL,Other Ant error,Other
736,f8ee06ba,Ant,FAIL,Other Ant error,Other
737,ce280f0a,Ant,FAIL,Other Ant error,Other
738,cec8e3ed,Ant,FAIL,Other Ant error,Other
739,5a3a3260,Ant,FAIL,Other Ant error,Other
740,d0c70cac,Ant,FAIL,Other Ant error,Other
741,7d8f2b7f,Ant,FAIL,Other Ant error,Other
742,ea80d1aa,Ant,FAIL,Other Ant error,Other
743,832bb832,Ant,FAIL,Other Ant error,Other
744,34a0ecb4,Ant,FAIL,Other Ant error,Other
745,d3e86b05,Ant,FAIL,Other Ant error,Other
746,7a2b0460,Ant,FAIL,Other Ant error,Other
747,7cd27762,Ant,FAIL,Other Ant error,Other
748,778d123d,Ant,FAIL,Other Ant error,Other
749,2f9b53db,Ant,FAIL,Other Ant error,Other
750,870289f3,Ant,FAIL,Other Ant error,Other
751,65891272,Ant,FAIL,Other Ant error,Other
752,f1f4fe29,Ant,FAIL,Other Ant error,Other
753,c3873cf7,Ant,FAIL,Other Ant error,Other
754,c503e40d,Ant,FAIL,Other Ant error,Other
755,66cf6859,Ant,FAIL,Other Ant error,Other
756,b33b4b09,Ant,FAIL,Other Ant error,Other
757,02fc1f50,Ant,FAIL,Other Ant error,Other
758,81897407,Ant,FAIL,Other Ant error,Other
759,d9ffa8ab,Maven,SUCCESS,,
760,a781c15b,Maven,SUCCESS,,
761,9de3abe6,Ant,FAIL,Other Ant error,Other
762,86abf33f,Ant,FAIL,Other Ant error,Other
763,12b9b787,Ant,FAIL,Other Ant error,Other
764,84749625,Maven,SUCCESS,,
765,8dd7600e,Maven,SUCCESS,,
766,4de91622,Maven,SUCCESS,,
767,04189a83,Maven,SUCCESS,,
768,1bbab715,Maven,SUCCESS,,
769,54b657ce,Maven,SUCCESS,,
770,b8c76067,Maven,SUCCESS,,
771,971c9a52,Maven,SUCCESS,,
772,97402a34,Maven,FAIL,MojoFailureException,Other
773,e39dc46a,Maven,FAIL,MojoFailureException,Other
774,5077a8c7,Maven,FAIL,MojoFailureException,Other
775,1d86784c,Maven,SUCCESS,,
776,70adacdc,Maven,SUCCESS,,
777,2de4d6f2,Maven,SUCCESS,,
778,25fa1d53,Maven,SUCCESS,,
779,64ffbec7,Maven,SUCCESS,,
780,42fb9bd7,Maven,SUCCESS,,
781,496ee866,Maven,SUCCESS,,
782,5f7fddf5,Maven,FAIL,MojoFailureException,Other
783,a21ce243,Maven,FAIL,MojoFailureException,Other
784,309edadf,Maven,FAIL,MojoFailureException,Other
785,01ecc0d5,Maven,FAIL,MojoFailureException,Other
786,7ffc2307,Maven,SUCCESS,,
787,d0534dae,Maven,SUCCESS,,
788,a64ef43f,Maven,SUCCESS,,
789,56954698,Maven,SUCCESS,,
790,6d99eb5d,Maven,SUCCESS,,
791,592b71c7,Maven,SUCCESS,,
792,c84f84eb,Maven,SUCCESS,,
793,a30e87b6,Maven,SUCCESS,,
794,bc0ae224,Maven,SUCCESS,,
795,c077f832,Maven,SUCCESS,,
796,ab51452a,Maven,SUCCESS,,
797,b5fb9c92,Maven,FAIL,MojoFailureException,Other
798,0b248389,Maven,SUCCESS,,
799,3840331f,Maven,FAIL,MojoFailureException,Other
800,28ef5cb7,Maven,SUCCESS,,
801,56743a44,Maven,FAIL,MojoFailureException,Other
802,ab2395c8,Maven,SUCCESS,,
803,3b7ab4a3,Maven,FAIL,MojoFailureException,Other
804,f09cff79,Maven,SUCCESS,,
805,43519587,Maven,SUCCESS,,
806,8f486adc,Maven,SUCCESS,,
807,af5722e0,Maven,SUCCESS,,
808,568e29c8,Maven,SUCCESS,,
809,b3831d60,Maven,SUCCESS,,
810,403f761d,Maven,SUCCESS,,
811,95a8c63c,Maven,SUCCESS,,
812,c7895eb8,Maven,SUCCESS,,
813,56b1d5d4,Maven,SUCCESS,,
814,0815c4d6,Maven,SUCCESS,,
815,4041354a,Maven,SUCCESS,,
816,d21d4edb,Maven,SUCCESS,,
817,30876886,Maven,SUCCESS,,
818,b3789b3f,Maven,SUCCESS,,
819,81b50e9f,Maven,SUCCESS,,
820,8d26b450,Maven,SUCCESS,,
821,b310cd56,Maven,SUCCESS,,
822,96da6a59,Maven,SUCCESS,,
823,06451d15,Maven,SUCCESS,,
824,6ee76dc2,Maven,SUCCESS,,
825,a4c19ea7,Maven,SUCCESS,,
826,67868114,Maven,SUCCESS,,
827,751f7598,Maven,SUCCESS,,
828,708ed373,Maven,SUCCESS,,
829,8ff0b44e,Maven,SUCCESS,,
830,bed58a57,Maven,SUCCESS,,
831,10389dda,Maven,SUCCESS,,
832,19b0d51f,Maven,SUCCESS,,
833,5f25ca31,Maven,SUCCESS,,
834,e7a0111c,Maven,SUCCESS,,
835,eb8da7b8,Maven,SUCCESS,,
836,c20ddf92,Maven,SUCCESS,,
837,0f5680eb,Maven,SUCCESS,,
838,ce034f71,Maven,SUCCESS,,
839,7f6173aa,Maven,SUCCESS,,
840,0128bff5,Maven,SUCCESS,,
841,76634379,Maven,SUCCESS,,
842,e857122b,Maven,SUCCESS,,
843,22ca5a51,Maven,SUCCESS,,
844,a7be1746,Maven,SUCCESS,,
845,460049e3,Maven,SUCCESS,,
846,86ba41d1,Maven,SUCCESS,,
847,8c437619,Maven,SUCCESS,,
848,0781e97b,Maven,SUCCESS,,
849,9d8bb069,Maven,SUCCESS,,
850,d6ccf5b0,Maven,SUCCESS,,
851,d494698a,Maven,SUCCESS,,
852,a49240ad,Maven,SUCCESS,,
853,346bad2d,Maven,SUCCESS,,
854,12c1066d,Maven,SUCCESS,,
855,4610330c,Maven,SUCCESS,,
856,688c96e1,Maven,SUCCESS,,
857,93ec0dc7,Maven,SUCCESS,,
858,00f480c7,Maven,SUCCESS,,
859,97319996,Maven,SUCCESS,,
860,3c7c3b78,Maven,SUCCESS,,
861,00301d67,Maven,SUCCESS,,
862,d4a33cf2,Maven,SUCCESS,,
863,b4180bf3,Maven,SUCCESS,,
864,de86eb20,Maven,SUCCESS,,
865,8440169a,Maven,SUCCESS,,
866,62a2a56c,Maven,SUCCESS,,
867,addcf714,Maven,SUCCESS,,
868,35ebd1ae,Maven,SUCCESS,,
869,848de406,Maven,SUCCESS,,
870,d148e1a2,Maven,SUCCESS,,
871,0f4156e9,Maven,SUCCESS,,
872,d3de6079,Ant,FAIL,Other Ant error,Other
873,669bb577,Ant,FAIL,Other Ant error,Other
874,090e7ce5,Ant,FAIL,Other Ant error,Other
875,dad7b855,Ant,FAIL,Other Ant error,Other
876,4f49c9cb,Ant,FAIL,Other Ant error,Other
877,351af6fa,Ant,FAIL,Other Ant error,Other
878,fcf34a36,Ant,FAIL,Other Ant error,Other
879,01b427b3,Ant,FAIL,Other Ant error,Other
880,96a6ba68,Ant,FAIL,Other Ant error,Other
881,26779604,Ant,FAIL,Other Ant error,Other
882,30b0c300,Ant,FAIL,Other Ant error,Other
883,dfd0bba5,Ant,FAIL,Other Ant error,Other
884,5eee07b3,Ant,FAIL,Other Ant error,Other
885,a4c5380f,Ant,FAIL,Other Ant error,Other
886,de8dfa6d,Ant,FAIL,Other Ant error,Other
887,3d2826cb,Ant,FAIL,Other Ant error,Other
888,2774e2d2,Ant,FAIL,Other Ant error,Other
889,c53f62d0,Ant,FAIL,Other Ant error,Other
890,82a70910,Ant,FAIL,Other Ant error,Other
891,5ded3d32,Ant,FAIL,Other Ant error,Other
892,b8591d72,Ant,FAIL,Other Ant error,Other
893,44d1324e,Ant,FAIL,Other Ant error,Other
894,ed2b51b0,Ant,FAIL,Other Ant error,Other
895,8782efa0,Ant,FAIL,Other Ant error,Other
896,0333e7ef,Ant,FAIL,Other Ant error,Other
897,ecc25e68,Ant,FAIL,Other Ant error,Other
898,6a028ce5,Ant,FAIL,Other Ant error,Other
899,cc617b39,Ant,FAIL,Other Ant error,Other
900,5a9eb89e,Ant,FAIL,Other Ant error,Other
901,ced634a9,Ant,FAIL,Other Ant error,Other
902,73c15ac3,Ant,FAIL,Other Ant error,Other
903,338b12cb,Ant,FAIL,Other Ant error,Other
904,d0d4772f,Ant,FAIL,Other Ant error,Other
905,65daf2f1,Ant,FAIL,Other Ant error,Other
906,b2218457,Ant,FAIL,Other Ant error,Other
907,9c4e365e,Ant,FAIL,Other Ant error,Other
908,89ffd7ed,Ant,FAIL,Other Ant error,Other
909,0c114780,Ant,FAIL,Other Ant error,Other
910,d6f71260,Ant,FAIL,Other Ant error,Other
911,d04a0d02,Ant,FAIL,Other Ant error,Other
912,42325d56,Ant,FAIL,Other Ant error,Other
913,be477604,Ant,FAIL,Other Ant error,Other
914,ff7c54f5,Ant,FAIL,Other Ant error,Other
915,ab936ef8,Ant,FAIL,Other Ant error,Other
916,d94d5c84,Ant,FAIL,Other Ant error,Other
917,b23ffd79,Ant,FAIL,Other Ant error,Other
918,4e482e74,Ant,FAIL,Other Ant error,Other
919,58609e42,Ant,FAIL,Other Ant error,Other
920,eef732f8,Ant,FAIL,Other Ant error,Other
921,db8c72be,Ant,FAIL,Other Ant error,Other
922,b4fc7138,Ant,FAIL,Other Ant error,Other
923,085308f8,Ant,FAIL,Other Ant error,Other
924,50758159,Ant,FAIL,Other Ant error,Other
925,fea0643e,Ant,FAIL,Other Ant error,Other
926,a19e98f0,Ant,FAIL,Other Ant error,Other
927,7a65992a,Ant,FAIL,Other Ant error,Other
928,70fe94d0,Ant,FAIL,Other Ant error,Other
929,95ceae6b,Ant,FAIL,Other Ant error,Other
930,8bfbd04b,Ant,FAIL,Other Ant error,Other
931,531d7c86,Ant,FAIL,Other Ant error,Other
932,bcf4785a,Ant,FAIL,Other Ant error,Other
933,7b564199,Ant,FAIL,Other Ant error,Other
934,1ad3a599,Ant,FAIL,Other Ant error,Other
935,2c4ac237,Ant,FAIL,Other Ant error,Other
936,b00a3cdc,Ant,FAIL,Other Ant error,Other
937,0d8905ec,Ant,FAIL,Other Ant error,Other
938,9dd69e97,Ant,FAIL,Other Ant error,Other
939,84d0e8ac,Ant,FAIL,Other Ant error,Other
940,7e05cdca,Ant,FAIL,Other Ant error,Other
941,ad67ca58,Ant,FAIL,Other Ant error,Other
942,8a249206,Ant,FAIL,Other Ant error,Other
943,23daff86,Ant,FAIL,Other Ant error,Other
944,2070c9f6,Ant,FAIL,Other Ant error,Other
945,090b83b0,Ant,FAIL,Other Ant error,Other
946,ebe66b58,Ant,FAIL,Other Ant error,Other
947,7977a198,Ant,FAIL,Other Ant error,Other
948,ec6415e8,Ant,FAIL,Other Ant error,Other
949,3cf8aae5,Ant,FAIL,Other Ant error,Other
950,83219d81,Ant,FAIL,Other Ant error,Other
951,95f6c415,Ant,FAIL,Other Ant error,Other
952,7ec443ad,Ant,FAIL,Other Ant error,Other
953,9f305841,Ant,FAIL,Other Ant error,Other
954,61f06547,Ant,FAIL,Other Ant error,Other
955,3448af3e,Ant,FAIL,Other Ant error,Other
956,cb69050a,Ant,FAIL,Other Ant error,Other
957,ce867738,Ant,FAIL,Other Ant error,Other
958,c60993db,Ant,FAIL,Other Ant error,Other
959,da545cc5,Ant,FAIL,Other Ant error,Other
960,5c4d8c62,Ant,FAIL,Other Ant error,Other
961,426f81b8,Ant,FAIL,Other Ant error,Other
962,74b8fc6a,Ant,FAIL,Other Ant error,Other
963,ada8735c,Ant,FAIL,Other Ant error,Other
964,561a736d,Ant,FAIL,Other Ant error,Other
965,92b1217d,Ant,FAIL,Other Ant error,Other
966,f472307d,Ant,FAIL,Other Ant error,Other
967,39545426,Ant,FAIL,Other Ant error,Other
968,f3412137,Ant,FAIL,Other Ant error,Other
969,9de54af8,Ant,FAIL,Other Ant error,Other
970,05fe0fbf,Ant,FAIL,Other Ant error,Other
971,c396cff8,Ant,FAIL,Other Ant error,Other
972,e5579690,Ant,FAIL,Other Ant error,Other
973,84c4caae,Ant,FAIL,Other Ant error,Other
974,96df21cb,Ant,FAIL,Other Ant error,Other
975,13885b99,Ant,FAIL,Other Ant error,Other
976,e76c5f0f,Ant,FAIL,Other Ant error,Other
977,3914b8fc,Ant,FAIL,Other Ant error,Other
978,ce0195c3,Ant,FAIL,Other Ant error,Other
979,b6c14073,Ant,FAIL,Other Ant error,Other
980,e8349c5c,Ant,FAIL,Other Ant error,Other
981,800f59a5,Ant,FAIL,Other Ant error,Other
982,901550a3,Ant,FAIL,Other Ant error,Other
983,c82eef0d,Ant,FAIL,Other Ant error,Other
984,2d13004b,Ant,FAIL,Other Ant error,Other
985,1b809a4a,Ant,FAIL,Other Ant error,Other
986,10144366,Ant,FAIL,Other Ant error,Other
987,7663a302,Ant,FAIL,Other Ant error,Other
988,0a23cd69,Ant,FAIL,Other Ant error,Other
989,e0f84b71,Ant,FAIL,Other Ant error,Other
990,b40493d5,Ant,FAIL,Other Ant error,Other
991,785a33b4,Ant,FAIL,Other Ant error,Other
992,5d9e0022,Ant,FAIL,Other Ant error,Other
993,128553fc,Ant,FAIL,Other Ant error,Other
994,49d62f90,Ant,FAIL,Other Ant error,Other
995,32b2f67c,Ant,FAIL,Other Ant error,Other
996,faba199e,Ant,FAIL,Other Ant error,Other
997,1660ebdf,Ant,FAIL,Other Ant error,Other
998,9a82d002,Ant,FAIL,Other Ant error,Other
999,130408bd,Ant,FAIL,Other Ant error,Other
1000,bfd54d62,Ant,FAIL,Other Ant error,Other
1001,df70c108,Ant,FAIL,Other Ant error,Other
1002,143c3348,Ant,FAIL,Other Ant error,Other
1003,1cff207e,Ant,FAIL,Other Ant error,Other
1004,3b55eacd,Ant,FAIL,Other Ant error,Other
1005,45a44647,Ant,FAIL,Other Ant error,Other
1006,38c12ee5,Ant,FAIL,Other Ant error,Other
1007,4c8d3ff5,Ant,FAIL,Other Ant error,Other
1008,8c2f7890,Ant,FAIL,Other Ant error,Other
1009,f82403fb,Ant,FAIL,Other Ant error,Other
1010,ebbcb2d3,Ant,FAIL,Other Ant error,Other
1011,849a16f4,Ant,FAIL,Other Ant error,Other
1012,b4f0afa6,Ant,FAIL,Other Ant error,Other
1013,982a7501,Ant,FAIL,Other Ant error,Other
1014,2d3090bf,Ant,FAIL,Other Ant error,Other
1015,6f8a359d,Ant,FAIL,Other Ant error,Other
1016,5475e12b,Ant,FAIL,Other Ant error,Other
1017,a681b760,Ant,FAIL,Other Ant error,Other
1018,eb307fa6,Ant,FAIL,Other Ant error,Other
1019,7944e8f8,Ant,FAIL,Other Ant error,Other
1020,45eaab75,Ant,FAIL,Other Ant error,Other
1021,99954669,Ant,FAIL,Other Ant error,Other
1022,2cd39884,Ant,FAIL,Other Ant error,Other
1023,5e5ec572,Ant,FAIL,Other Ant error,Other
1024,917a88fa,Ant,FAIL,Other Ant error,Other
1025,bd6dc3af,Ant,FAIL,Other Ant error,Other
1026,126b8eb8,Ant,FAIL,Other Ant error,Other
1027,53929101,Ant,FAIL,Other Ant error,Other
1028,daa2e4d8,Ant,FAIL,Other Ant error,Other
1029,f0319c2a,Ant,FAIL,Other Ant error,Other
1030,3920f3fe,Ant,FAIL,Other Ant error,Other
1031,5f2ecdac,Ant,FAIL,Other Ant error,Other
1032,4f92c3c0,Ant,FAIL,Other Ant error,Other
1033,052fc095,Ant,FAIL,Other Ant error,Other
1034,0b62513f,Ant,FAIL,Other Ant error,Other
1035,3b870863,Ant,FAIL,Other Ant error,Other
1036,96bb03c2,Ant,FAIL,Other Ant error,Other
1037,f634102c,Ant,FAIL,Other Ant error,Other
1038,db9a456f,Ant,FAIL,Other Ant error,Other
1039,a134a862,Ant,FAIL,Other Ant error,Other
1040,c610a497,Ant,FAIL,Other Ant error,Other
1041,60d24dd0,Ant,FAIL,Other Ant error,Other
1042,59c686f5,Ant,FAIL,Other Ant error,Other
1043,1cec456a,Ant,FAIL,Other Ant error,Other
1044,e0cddcdf,Ant,FAIL,Other Ant error,Other
1045,d28f9820,Ant,FAIL,Other Ant error,Other
1046,b1068dc5,Ant,FAIL,Other Ant error,Other
1047,1379441f,Ant,FAIL,Other Ant error,Other
1048,a538d25a,Ant,FAIL,Other Ant error,Other
1049,4596630d,Ant,FAIL,Other Ant error,Other
1050,0ce06206,Ant,FAIL,Other Ant error,Other
1051,d9cccce5,Ant,FAIL,Other Ant error,Other
1052,3cab133a,Ant,FAIL,Other Ant error,Other
1053,8d63a24e,Ant,FAIL,Other Ant error,Other
1054,24f9b522,Ant,FAIL,Other Ant error,Other
1055,44e64ced,Ant,FAIL,Other Ant error,Other
1056,cf2a11a5,Ant,FAIL,Other Ant error,Other
1057,f4df6d58,Ant,FAIL,Other Ant error,Other
1058,6d551f32,Ant,FAIL,Other Ant error,Other
1059,41540137,Ant,FAIL,Other Ant error,Other
1060,d5bce273,Ant,FAIL,Other Ant error,Other
1061,4f1dbfc8,Ant,FAIL,Other Ant error,Other
1062,8b9dfefa,Ant,FAIL,Other Ant error,Other
1063,a0eea135,Ant,FAIL,Other Ant error,Other
1064,f3ae021f,Ant,FAIL,Other Ant error,Other
1065,6a3cec9c,Ant,FAIL,Other Ant error,Other
1066,35916619,Ant,FAIL,Other Ant error,Other
1067,36397848,Ant,FAIL,Other Ant error,Other
1068,7924760d,Ant,FAIL,Other Ant error,Other
1069,a1b61ff5,Ant,FAIL,Other Ant error,Other
1070,c7f5669a,Ant,FAIL,Other Ant error,Other
1071,45076b39,Ant,FAIL,Other Ant error,Other
1072,560322d7,Ant,FAIL,Other Ant error,Other
1073,3a5c9f27,Ant,FAIL,Other Ant error,Other
1074,c4279e43,Ant,FAIL,Other Ant error,Other
1075,a26d3de4,Ant,FAIL,Other Ant error,Other
1076,c2bdb1a2,Ant,FAIL,Other Ant error,Other
1077,5baa714c,Ant,FAIL,Other Ant error,Other
1078,3624da33,Ant,FAIL,Other Ant error,Other
1079,c2866326,Ant,FAIL,Other Ant error,Other
1080,689231a6,Ant,FAIL,Other Ant error,Other
1081,330b556d,Ant,FAIL,Other Ant error,Other
1082,7b47d564,Ant,FAIL,Other Ant error,Other
1083,34d2943c,Ant,FAIL,Other Ant error,Other
1084,e01ccf14,Ant,FAIL,Other Ant error,Other
1085,fa80b68e,Ant,FAIL,Other Ant error,Other
1086,93346b95,Ant,FAIL,Other Ant error,Other
1087,2f2368d2,Ant,FAIL,Other Ant error,Other
1088,42ed645d,Ant,FAIL,Other Ant error,Other
1089,4aecb7aa,Ant,FAIL,Other Ant error,Other
1090,ec6a7528,Ant,FAIL,Other Ant error,Other
1091,7b5e0ac8,Ant,FAIL,Other Ant error,Other
1092,6b943e56,Ant,FAIL,Other Ant error,Other
1093,934ebddf,Ant,FAIL,Other Ant error,Other
1094,1df71004,Ant,FAIL,Other Ant error,Other
1095,c19ffebc,Ant,FAIL,Other Ant error,Other
1096,39d30b21,Ant,FAIL,Other Ant error,Other
1097,b30f66d9,Ant,FAIL,Other Ant error,Other
1098,7439e56c,Ant,FAIL,Other Ant error,Other
1099,834dcd7b,Ant,FAIL,Other Ant error,Other
1100,fe3d3385,Ant,FAIL,Other Ant error,Other
1101,3637f328,Ant,FAIL,Other Ant error,Other
1102,d9559586,Ant,FAIL,Other Ant error,Other
1103,533e3663,Ant,FAIL,Other Ant error,Other
1104,23124178,Ant,FAIL,Other Ant error,Other
1105,cbf5dd3f,Ant,FAIL,Other Ant error,Other
1106,72e10d3c,Ant,FAIL,Other Ant error,Other
1107,8d783ef4,Ant,FAIL,Other Ant error,Other
1108,811b0efc,Ant,FAIL,Other Ant error,Other
1109,9237d8c9,Ant,FAIL,Other Ant error,Other
1110,2b4ea7d3,Ant,FAIL,Other Ant error,Other
1111,21fe96fa,Ant,FAIL,Other Ant error,Other
1112,d4755d0d,Ant,FAIL,Other Ant error,Other
1113,07de0739,Ant,FAIL,Other Ant error,Other
1114,347c60e3,Ant,FAIL,Other Ant error,Other
1115,4845736a,Ant,FAIL,Other Ant error,Other
1116,24da9244,Ant,FAIL,Other Ant error,Other
1117,1e391af3,Ant,FAIL,Other Ant error,Other
1118,c16abda4,Ant,FAIL,Other Ant error,Other
1119,bd8b2df7,Ant,FAIL,Other Ant error,Other
1120,ecf0ea11,Ant,FAIL,Other Ant error,Other
1121,c77cf4d7,Ant,FAIL,Other Ant error,Other
1122,67ccd71d,Ant,FAIL,Other Ant error,Other
1123,f62f6998,Ant,FAIL,Other Ant error,Other
1124,3f6e3ef5,Ant,FAIL,Other Ant error,Other
1125,07045d97,Ant,FAIL,Other Ant error,Other
1126,e381886b,Ant,FAIL,Other Ant error,Other
1127,17f7dfc7,Ant,FAIL,Other Ant error,Other
1128,99c4e59a,Ant,FAIL,Other Ant error,Other
1129,2238ad20,Ant,FAIL,Other Ant error,Other
1130,0c387501,Ant,FAIL,Other Ant error,Other
1131,4311a624,Ant,FAIL,Other Ant error,Other
1132,30ecbbc0,Ant,FAIL,Other Ant error,Other
1133,80d4bc36,Ant,FAIL,Other Ant error,Other
1134,1081d896,Ant,FAIL,Other Ant error,Other
1135,2e460f84,Ant,FAIL,Other Ant error,Other
1136,688854ba,Ant,FAIL,Other Ant error,Other
1137,aff46c49,Ant,FAIL,Other Ant error,Other
1138,6f74b197,Ant,FAIL,Other Ant error,Other
1139,c360ca09,Ant,FAIL,Other Ant error,Other
1140,b508fe73,Ant,FAIL,Other Ant error,Other
1141,32330b13,Ant,FAIL,Other Ant error,Other
1142,d76010fd,Ant,FAIL,Other Ant error,Other
1143,ec7fd69b,Ant,FAIL,Other Ant error,Other
1144,8424e265,Ant,FAIL,Other Ant error,Other
1145,c2288813,Ant,FAIL,Other Ant error,Other
1146,0e1aca2c,Ant,FAIL,Other Ant error,Other
1147,caefa620,Ant,FAIL,Other Ant error,Other
1148,8874fb8d,Ant,FAIL,Other Ant error,Other
1149,0deeda93,Ant,FAIL,Other Ant error,Other
1150,14f98689,Ant,FAIL,Other Ant error,Other
1151,e8b91fa9,Ant,FAIL,Other Ant error,Other
1152,accece2b,Ant,FAIL,Other Ant error,Other
1153,2e699926,Ant,FAIL,Other Ant error,Other
1154,67e43ab8,Ant,FAIL,Other Ant error,Other
1155,0c458a87,Ant,FAIL,Other Ant error,Other
1156,ebb9d7f5,Ant,FAIL,Other Ant error,Other
1157,28938e9c,Ant,FAIL,Other Ant error,Other
1158,229490bb,Ant,FAIL,Other Ant error,Other
1159,c07b3e7e,Ant,FAIL,Other Ant error,Other
1160,8c1c0e7e,Ant,FAIL,Other Ant error,Other
1161,2162def2,Ant,FAIL,Other Ant error,Other
1162,45aed05b,Ant,FAIL,Other Ant error,Other
1163,08c3b3aa,Ant,FAIL,Other Ant error,Other
1164,be8d4ee1,Ant,FAIL,Other Ant error,Other
1165,ee037247,Ant,FAIL,Other Ant error,Other
1166,40375ef1,Ant,FAIL,Other Ant error,Other
1167,620ccfdd,Ant,FAIL,Other Ant error,Other
1168,a68b42ca,Ant,FAIL,Other Ant error,Other
1169,014f2410,Ant,FAIL,Other Ant error,Other
1170,cac8c34a,Ant,FAIL,Other Ant error,Other
1171,23793cd9,Ant,FAIL,Other Ant error,Other
1172,6e6a6e47,Ant,FAIL,Other Ant error,Other
1173,f1be7f25,Ant,FAIL,Other Ant error,Other
1174,7496008e,Ant,FAIL,Other Ant error,Other
1175,436e0eaf,Ant,FAIL,Other Ant error,Other
1176,1489b8e7,Ant,FAIL,Other Ant error,Other
1177,2d886e29,Ant,FAIL,Other Ant error,Other
1178,6bea82df,Ant,FAIL,Other Ant error,Other
1179,872faeab,Ant,FAIL,Other Ant error,Other
1180,a37fd9ac,Ant,FAIL,Other Ant error,Other
1181,5e9467c5,Ant,FAIL,Other Ant error,Other
1182,a7c4d033,Ant,FAIL,Other Ant error,Other
1183,ec1a5c3f,Ant,FAIL,Other Ant error,Other
1184,e77e1c45,Ant,FAIL,Other Ant error,Other
1185,fe10c8a2,Ant,FAIL,Other Ant error,Other
1186,daeda1ad,Ant,FAIL,Other Ant error,Other
1187,cfeb6042,Ant,FAIL,Other Ant error,Other
1188,1c545fd8,Ant,FAIL,Other Ant error,Other
1189,fbdf7936,Ant,FAIL,Other Ant error,Other
1190,185a2191,Ant,FAIL,Other Ant error,Other
1191,eaa8d51a,Ant,FAIL,Other Ant error,Other
1192,ab9caa36,Ant,FAIL,Other Ant error,Other
1193,26caa86a,Ant,FAIL,Other Ant error,Other
1194,303d2e64,Ant,FAIL,Other Ant error,Other
1195,09f3e35b,Ant,FAIL,Other Ant error,Other
1196,6012fa3b,Ant,FAIL,Other Ant error,Other
1197,6b822aa3,Ant,FAIL,Other Ant error,Other
1198,59e5333b,Ant,FAIL,Other Ant error,Other
1199,2568203b,Ant,FAIL,Other Ant error,Other
1200,b5648949,Ant,FAIL,Other Ant error,Other
1201,6dbbd791,Ant,FAIL,Other Ant error,Other
1202,6a8215ab,Ant,FAIL,Other Ant error,Other
1203,cbf46b88,Ant,FAIL,Other Ant error,Other
1204,1fa373f0,Ant,FAIL,Other Ant error,Other
1205,48aabe1b,Ant,FAIL,Other Ant error,Other
1206,b6980373,Ant,FAIL,Other Ant error,Other
1207,8672a83f,Ant,FAIL,Other Ant error,Other
1208,0215c661,Ant,FAIL,Other Ant error,Other
1209,56b5463c,Ant,FAIL,Other Ant error,Other
1210,61326c93,Ant,FAIL,Other Ant error,Other
1211,87fe5054,Ant,FAIL,Other Ant error,Other
1212,f9ec0474,Ant,FAIL,Other Ant error,Other
1213,def7dc5f,Ant,FAIL,Other Ant error,Other
1214,2e53904a,Ant,FAIL,Other Ant error,Other
1215,3bb48f0a,Ant,FAIL,Other Ant error,Other
1216,1827bfd9,Ant,FAIL,Other Ant error,Other
1217,46040089,Ant,FAIL,Other Ant error,Other
1218,6caeeb1e,Ant,FAIL,Other Ant error,Other
1219,00d830f2,Ant,FAIL,Other Ant error,Other
1220,51350c37,Ant,FAIL,Other Ant error,Other
1221,9dd0494f,Ant,FAIL,Other Ant error,Other
1222,899527e3,Ant,FAIL,Other Ant error,Other
1223,a01caefa,Ant,FAIL,Other Ant error,Other
1224,81343717,Ant,FAIL,Other Ant error,Other
1225,785c7859,Ant,FAIL,Other Ant error,Other
1226,23e6e92b,Ant,FAIL,Other Ant error,Other
1227,65f717ed,Ant,FAIL,Other Ant error,Other
1228,390d5e36,Ant,FAIL,Other Ant error,Other
1229,e8f86f3e,Ant,FAIL,Other Ant error,Other
1230,dde798f8,Ant,FAIL,Other Ant error,Other
1231,b9e14f64,Ant,FAIL,Other Ant error,Other
1232,dc3d4d4b,Ant,FAIL,Other Ant error,Other
1233,3dbb0b35,Ant,FAIL,Other Ant error,Other
1234,ab1eb665,Ant,FAIL,Other Ant error,Other
1235,6adb3ad8,Ant,FAIL,Other Ant error,Other
1236,de15ca21,Ant,FAIL,Other Ant error,Other
1237,ec9bccf9,Ant,FAIL,Other Ant error,Other
1238,c236a9e0,Ant,FAIL,Other Ant error,Other
1239,865e00b4,Ant,FAIL,Other Ant error,Other
1240,d48bf973,Ant,FAIL,Other Ant error,Other
1241,e48f6d40,Ant,FAIL,Other Ant error,Other
1242,24cbcbc1,Ant,FAIL,Other Ant error,Other
1243,623bd92d,Ant,FAIL,Other Ant error,Other
1244,76026366,Ant,FAIL,Other Ant error,Other
1245,41e5c7ed,Ant,FAIL,Other Ant error,Other
1246,7898dd86,Ant,FAIL,Other Ant error,Other
1247,32b52700,Maven,SUCCESS,,
1248,44b42679,Ant,FAIL,Other Ant error,Other
1249,f71a2d4c,Ant,FAIL,Other Ant error,Other
1250,66745341,Maven,SUCCESS,,
1251,ecaf3723,Ant,FAIL,Other Ant error,Other
1252,30bc68c6,Ant,FAIL,Other Ant error,Other
1253,5849b6b4,Ant,FAIL,Other Ant error,Other
1254,532428d1,Ant,FAIL,Other Ant error,Other
1255,a0f325ee,Maven,SUCCESS,,
1256,4dc40a20,Maven,SUCCESS,,
1257,129a5f76,Ant,FAIL,Other Ant error,Other
1258,2ac2500c,Ant,FAIL,Other Ant error,Other
1259,36101e7e,Maven,SUCCESS,,
1260,ab70e74a,Maven,FAIL,ModelParseException,Parsing
1261,bbacbd93,Ant,FAIL,Other Ant error,Other
1262,50bbb648,Ant,FAIL,Other Ant error,Other
1263,a982920e,Ant,FAIL,Other Ant error,Other
1264,c63e0913,Ant,FAIL,Other Ant error,Other
1265,0f9517b6,Ant,FAIL,Other Ant error,Other
1266,68cc61e2,Ant,FAIL,Other Ant error,Other
1267,30f2b165,Ant,FAIL,Other Ant error,Other
1268,872aba62,Ant,FAIL,Other Ant error,Other
1269,778e0357,Ant,FAIL,Other Ant error,Other
1270,cb6115e9,Ant,FAIL,Other Ant error,Other
1271,50d45885,Ant,FAIL,Other Ant error,Other
1272,88c28a42,Ant,FAIL,Other Ant error,Other
1273,7bd6fa1d,Ant,FAIL,Other Ant error,Other
1274,4e8b0282,Ant,FAIL,Other Ant error,Other
1275,32e64642,Ant,FAIL,Other Ant error,Other
1276,902b1569,Ant,FAIL,Other Ant error,Other
1277,ed01efa7,Ant,FAIL,Other Ant error,Other
1278,c09de4df,Ant,FAIL,Other Ant error,Other
1279,5627d209,Ant,FAIL,Other Ant error,Other
1280,0d508269,Maven,FAIL,ModelParseException,Parsing
1281,7321e5a8,Maven,FAIL,ModelParseException,Parsing
1282,8bd54949,Maven,FAIL,ModelParseException,Parsing
1283,181369ec,Maven,FAIL,ModelParseException,Parsing
1284,e7090d13,Ant,FAIL,Other Ant error,Other
1285,2f879b9e,Ant,FAIL,Other Ant error,Other
1286,dc44abf5,Ant,FAIL,Other Ant error,Other
1287,bb91daf8,Ant,FAIL,Other Ant error,Other
1288,b1db2bb4,Ant,FAIL,Other Ant error,Other
1289,6fb53a7e,Ant,FAIL,Other Ant error,Other
1290,6bc83a0d,Ant,FAIL,Other Ant error,Other
1291,be612377,Ant,FAIL,Other Ant error,Other
1292,35505c4c,Ant,FAIL,Other Ant error,Other
1293,94aa692b,Ant,FAIL,Other Ant error,Other
1294,5a65d170,Ant,FAIL,Other Ant error,Other
1295,8f0902e5,Ant,FAIL,Other Ant error,Other
1296,bb13feee,Ant,FAIL,Other Ant error,Other
1297,3efad73f,Ant,FAIL,Other Ant error,Other
1298,7f710b1c,Ant,FAIL,Other Ant error,Other
1299,a2ca1843,Ant,FAIL,Other Ant error,Other
1300,bcf2c178,Ant,FAIL,Other Ant error,Other
1301,3791a960,Ant,FAIL,Other Ant error,Other
1302,b521f0ca,Ant,FAIL,Other Ant error,Other
1303,544e5ba3,Ant,FAIL,Other Ant error,Other
1304,5da2d76b,Ant,FAIL,Other Ant error,Other
1305,c2e4d911,Ant,FAIL,Other Ant error,Other
1306,467dd072,Ant,FAIL,Other Ant error,Other
1307,2246c5a6,Ant,FAIL,Other Ant error,Other
1308,ba7e1ce1,Ant,FAIL,Other Ant error,Other
1309,6d6d7a58,Ant,FAIL,Other Ant error,Other
1310,6bb5f09f,Ant,FAIL,Other Ant error,Other
1311,cc87f655,Ant,FAIL,Other Ant error,Other
1312,11039f25,Ant,FAIL,Other Ant error,Other
1313,337b6dc9,Ant,FAIL,Other Ant error,Other
1314,dfaf332b,Ant,FAIL,Other Ant error,Other
1315,c97adf91,Ant,FAIL,Other Ant error,Other
1316,ea96d2e3,Ant,FAIL,Other Ant error,Other
1317,b28fe09d,Ant,FAIL,Other Ant error,Other
1318,2ebdc48e,Ant,FAIL,Other Ant error,Other
1319,7ae6e678,Ant,FAIL,Other Ant error,Other
1320,82c6d4b5,Ant,FAIL,Other Ant error,Other
1321,c87b2e11,Ant,FAIL,Other Ant error,Other
1322,fab28522,Ant,FAIL,Other Ant error,Other
1323,819f3712,Ant,FAIL,Other Ant error,Other
1324,3c1956ac,Ant,FAIL,Other Ant error,Other
1325,794abc27,Ant,FAIL,Other Ant error,Other
1326,ec534ffa,Ant,FAIL,Other Ant error,Other
1327,1c50b6ca,Ant,FAIL,Other Ant error,Other
1328,74941e1e,Ant,FAIL,Other Ant error,Other
1329,fb812b11,Ant,FAIL,Other Ant error,Other
1330,3b00445a,Ant,FAIL,Other Ant error,Other
1331,b04c86a5,Ant,FAIL,Other Ant error,Other
1332,67663360,Ant,FAIL,Other Ant error,Other
1333,7cec75a6,Ant,FAIL,Other Ant error,Other
1334,99ffe014,Ant,FAIL,Other Ant error,Other
1335,5976b1d4,Ant,FAIL,Other Ant error,Other
1336,fa235e35,Ant,FAIL,Other Ant error,Other
1337,63eebcfe,Ant,FAIL,Other Ant error,Other
1338,0676ed63,Ant,FAIL,Other Ant error,Other
1339,a3e01b1e,Ant,FAIL,Other Ant error,Other
1340,09dfdef6,Ant,FAIL,Other Ant error,Other
1341,5ea3196f,Ant,FAIL,Other Ant error,Other
1342,582d86c4,Ant,FAIL,Other Ant error,Other
1343,0a260104,Ant,FAIL,Other Ant error,Other
1344,70e2f2e3,Ant,FAIL,Other Ant error,Other
1345,c4e3854a,Ant,FAIL,Other Ant error,Other
1346,ac195989,Ant,FAIL,Other Ant error,Other
1347,cbcb29a2,Ant,FAIL,Other Ant error,Other
1348,96e051b2,Ant,FAIL,Other Ant error,Other
1349,3c122b6a,Ant,FAIL,Other Ant error,Other
1350,9ec6a3fa,Ant,FAIL,Other Ant error,Other
1351,ecb4de6a,Ant,FAIL,Other Ant error,Other
1352,c861b8a2,Maven,FAIL,ModelParseException,Parsing
1353,010f7461,Ant,FAIL,Other Ant error,Other
1354,d8519aa0,Ant,FAIL,Other Ant error,Other
1355,8675e5bf,Ant,FAIL,Other Ant error,Other
1356,fe1117e4,Ant,FAIL,Other Ant error,Other
1357,afbeeb31,Ant,FAIL,Other Ant error,Other
1358,61badf2f,Ant,FAIL,Other Ant error,Other
1359,4e37cdc3,Ant,FAIL,Other Ant error,Other
1360,5eceba3a,Ant,FAIL,Other Ant error,Other
1361,27f927c4,Ant,FAIL,Other Ant error,Other
1362,8ea7e775,Ant,FAIL,Other Ant error,Other
1363,e0c7cfbf,Ant,FAIL,Other Ant error,Other
1364,3a02b8d7,Ant,FAIL,Other Ant error,Other
1365,8505e8e6,Ant,FAIL,Other Ant error,Other
1366,dda4d08f,Ant,FAIL,Other Ant error,Other
1367,cceac2d3,Ant,FAIL,Other Ant error,Other
1368,ebc674b2,Ant,FAIL,Other Ant error,Other
1369,70fd6317,Ant,FAIL,Other Ant error,Other
1370,fa9b88f3,Ant,FAIL,Other Ant error,Other
1371,de7f4fb2,Ant,FAIL,Other Ant error,Other
1372,298cc445,Ant,FAIL,Other Ant error,Other
1373,84e0814b,Ant,FAIL,Other Ant error,Other
1374,23715924,Ant,FAIL,Other Ant error,Other
1375,67eaa9f1,Ant,FAIL,Other Ant error,Other
1376,71a912dc,Ant,FAIL,Other Ant error,Other
1377,7783b6af,Ant,FAIL,Other Ant error,Other
1378,78f5fa85,Ant,FAIL,Other Ant error,Other
1379,f851c3ee,Ant,FAIL,Other Ant error,Other
1380,345ba453,Ant,FAIL,Other Ant error,Other
1381,80b7fbad,Ant,FAIL,Other Ant error,Other
1382,1b7312e9,Ant,FAIL,Other Ant error,Other
1383,103f204a,Ant,FAIL,Other Ant error,Other
1384,067ed0a9,Ant,FAIL,Other Ant error,Other
1385,6ebeaf23,Ant,FAIL,Other Ant error,Other
1386,8b0d35b5,Maven,SUCCESS,,
1387,15bef4ec,Maven,SUCCESS,,
1388,8d8daa4f,Maven,SUCCESS,,
1389,9e09169b,Maven,SUCCESS,,
1390,b311f260,Maven,SUCCESS,,
1391,c409227d,Maven,SUCCESS,,
1392,d24e5d82,Maven,SUCCESS,,
1393,a3838b9a,Maven,SUCCESS,,
1394,f95251a7,Maven,SUCCESS,,
1395,6384edff,Ant,FAIL,Other Ant error,Other
1396,aace70a9,Ant,FAIL,Other Ant error,Other
1397,8f7fa2a8,Maven,SUCCESS,,
1398,5698cfb8,Ant,FAIL,Other Ant error,Other
1399,04218bee,Ant,FAIL,Other Ant error,Other
1400,dc2b1c93,Ant,FAIL,Other Ant error,Other
1401,6b97cfa7,Ant,FAIL,Other Ant error,Other
1402,9824a929,Ant,FAIL,Other Ant error,Other
1403,523a6731,Ant,FAIL,Other Ant error,Other
1404,ef6ee7fa,Ant,FAIL,Other Ant error,Other
1405,34349080,Ant,FAIL,Other Ant error,Other
1406,ce80e9ab,Ant,FAIL,Other Ant error,Other
1407,ad0f5056,Ant,FAIL,Other Ant error,Other
1408,30e499dd,Ant,FAIL,Other Ant error,Other
1409,65f6907a,Ant,FAIL,Other Ant error,Other
1410,6d9384b1,Ant,FAIL,Other Ant error,Other
1411,b943f97e,Ant,FAIL,Other Ant error,Other
1412,736c9226,Ant,FAIL,Other Ant error,Other
1413,e81be453,Ant,FAIL,Other Ant error,Other
1414,4dc82ecc,Maven,SUCCESS,,
1415,a1599c82,Maven,SUCCESS,,
1416,3c282dd1,Maven,SUCCESS,,
1417,ef820655,Ant,FAIL,Other Ant error,Other
1418,32c60eae,Ant,FAIL,Other Ant error,Other
1419,6f71f80a,Maven,SUCCESS,,
1420,535ad1c6,Maven,SUCCESS,,
1421,b7a55bf7,Maven,SUCCESS,,
1422,faf9726b,Maven,SUCCESS,,
1423,9eb408ac,Maven,SUCCESS,,
1424,e7ad65f1,Maven,SUCCESS,,
1425,1a637a4b,Maven,SUCCESS,,
1426,fbcebcae,Ant,FAIL,Other Ant error,Other
1427,a7092c4f,Maven,SUCCESS,,
1428,561fb840,Maven,SUCCESS,,
1429,89b40042,Maven,SUCCESS,,
1430,178f854e,Ant,FAIL,Other Ant error,Other
1431,92a3f730,Maven,SUCCESS,,
1432,8ae9a722,Maven,SUCCESS,,
1433,5f74770b,Maven,SUCCESS,,
1434,4a7adb28,Maven,SUCCESS,,
1435,1c9a283f,Maven,SUCCESS,,
1436,236883d5,Maven,SUCCESS,,
1437,23f84042,Maven,SUCCESS,,
1438,4f3ca2d4,Maven,SUCCESS,,
1439,78b4a897,Maven,SUCCESS,,
1440,f5c7fe43,Maven,SUCCESS,,
1441,a13afe13,Maven,SUCCESS,,
1442,0ebb59e0,Maven,SUCCESS,,
1443,c38bdb77,Maven,SUCCESS,,
1444,8afad9d0,Maven,SUCCESS,,
1445,74f32863,Maven,SUCCESS,,
1446,0fdec440,Maven,SUCCESS,,
1447,57801df2,Maven,SUCCESS,,
1448,59f3fa6e,Maven,SUCCESS,,
1449,a83de0f2,Maven,SUCCESS,,
1450,4908f0a0,Maven,SUCCESS,,
1451,aa707472,Maven,SUCCESS,,
1452,a8542a85,Maven,SUCCESS,,
1453,e15b287c,Maven,SUCCESS,,
1454,65459319,Maven,SUCCESS,,
1455,2b4742e3,Maven,SUCCESS,,
1456,4eeb3239,Maven,SUCCESS,,
1457,34c0a1ae,Maven,SUCCESS,,
1458,d40631c1,Maven,SUCCESS,,
1459,a813a86d,Maven,SUCCESS,,
1460,56cdd8b6,Maven,SUCCESS,,
1461,e34bdc9c,Maven,SUCCESS,,
1462,39d8b9e9,Maven,SUCCESS,,
1463,7a12b707,Maven,SUCCESS,,
1464,3aca014a,Maven,SUCCESS,,
1465,d0e050c5,Maven,SUCCESS,,
1466,2903ff09,Maven,SUCCESS,,
1467,2c6c142a,Maven,SUCCESS,,
1468,27ba66f2,Maven,SUCCESS,,
1469,05d81436,Maven,SUCCESS,,
1470,6133ac8b,Maven,SUCCESS,,
1471,dd297dd9,Maven,SUCCESS,,
1472,b8adef37,Maven,SUCCESS,,
1473,043e8284,Maven,SUCCESS,,
1474,1963b424,Maven,SUCCESS,,
1475,0030e51f,Maven,SUCCESS,,
1476,3375d1c3,Maven,SUCCESS,,
1477,9b81f967,Maven,SUCCESS,,
1478,718bcbf3,Maven,SUCCESS,,
1479,2a6813aa,Maven,SUCCESS,,
1480,72af29d7,Maven,SUCCESS,,
1481,1b68fdb5,Maven,SUCCESS,,
1482,62c03647,Maven,SUCCESS,,
1483,26d34db6,Maven,SUCCESS,,
1484,02371d11,Maven,SUCCESS,,
1485,45524a9d,Maven,SUCCESS,,
1486,63acecdd,Maven,SUCCESS,,
1487,dbe8a972,Maven,SUCCESS,,
1488,8f11e709,Maven,SUCCESS,,
1489,08719e9b,Maven,SUCCESS,,
1490,dce07cd9,Maven,SUCCESS,,
1491,2918286b,Maven,SUCCESS,,
1492,196c4ed7,Maven,SUCCESS,,
1493,0a9a3895,Maven,SUCCESS,,
1494,a254e9c8,Maven,SUCCESS,,
1495,318adee4,Maven,SUCCESS,,
1496,6fd44daf,Maven,SUCCESS,,
1497,72af03c4,Maven,SUCCESS,,
1498,5887ca08,Maven,SUCCESS,,
1499,bf985739,Maven,SUCCESS,,
1500,e012e06d,Maven,SUCCESS,,
1501,5edfb444,Maven,SUCCESS,,
1502,2ade5fd3,Maven,SUCCESS,,
1503,cc8497f2,Maven,SUCCESS,,
1504,e9d4de8e,Maven,SUCCESS,,
1505,278d76f2,Maven,SUCCESS,,
1506,b1832b23,Maven,SUCCESS,,
1507,34336085,Maven,SUCCESS,,
1508,3209ce6e,Maven,SUCCESS,,
1509,15c60482,Maven,SUCCESS,,
1510,ccf0c0af,Maven,SUCCESS,,
1511,5c2070d7,Maven,SUCCESS,,
1512,0a976183,Maven,SUCCESS,,
1513,50e3d1bc,Maven,SUCCESS,,
1514,af692868,Maven,SUCCESS,,
1515,38d91308,Maven,SUCCESS,,
1516,74cab2dc,Maven,SUCCESS,,
1517,c60d087c,Maven,SUCCESS,,
1518,c7b1880c,Maven,SUCCESS,,
1519,e0a2efcf,Maven,SUCCESS,,
1520,7e971401,Maven,SUCCESS,,
1521,5820172f,Maven,SUCCESS,,
1522,8d7f5cc1,Maven,SUCCESS,,
1523,9d9899bc,Maven,SUCCESS,,
1524,aa7c75db,Maven,SUCCESS,,
1525,40b87610,Maven,SUCCESS,,
1526,93d77383,Maven,SUCCESS,,
1527,dbe77112,Maven,SUCCESS,,
1528,34e66740,Maven,SUCCESS,,
1529,b01900fd,Maven,SUCCESS,,
1530,114025fc,Maven,SUCCESS,,
1531,b1cf4b5b,Maven,SUCCESS,,
1532,85b7c26e,Maven,SUCCESS,,
1533,540fa757,Maven,SUCCESS,,
1534,b421d0eb,Maven,SUCCESS,,
1535,b4b20702,Maven,SUCCESS,,
1536,56193048,Maven,SUCCESS,,
1537,b4b1b31c,Maven,SUCCESS,,
1538,0fa3f12d,Maven,SUCCESS,,
1539,4baf1fdc,Maven,SUCCESS,,
1540,09ab7dec,Maven,SUCCESS,,
1541,26ae50e4,Maven,SUCCESS,,
1542,7ab49f9d,Maven,SUCCESS,,
1543,56604415,Maven,SUCCESS,,
1544,beb1f4a8,Maven,SUCCESS,,
1545,83a25d44,Maven,SUCCESS,,
1546,84d8eddd,Maven,SUCCESS,,
1547,6faa0075,Maven,SUCCESS,,
1548,96af9a2a,Maven,SUCCESS,,
1549,82652963,Maven,SUCCESS,,
1550,b0c0aafa,Maven,SUCCESS,,
1551,b5084eb5,Maven,SUCCESS,,
1552,0ce71108,Maven,SUCCESS,,
1553,c6e3d2cf,Maven,SUCCESS,,
1554,c85a2676,Maven,SUCCESS,,
1555,ae1fc256,Maven,SUCCESS,,
1556,cfaceb6d,Maven,SUCCESS,,
1557,a19cd9db,Maven,SUCCESS,,
1558,f4327736,Maven,SUCCESS,,
1559,4c1758d3,Maven,SUCCESS,,
1560,dc730e3c,Maven,SUCCESS,,
1561,1ef54a1e,Maven,SUCCESS,,
1562,163f503a,Maven,SUCCESS,,
1563,3171c4b2,Maven,SUCCESS,,
1564,d45ae50b,Maven,SUCCESS,,
1565,768a7141,Maven,SUCCESS,,
1566,90b53f36,Maven,SUCCESS,,
1567,4dd14be2,Maven,SUCCESS,,
1568,fa5df4e9,Maven,SUCCESS,,
1569,b026c088,Maven,SUCCESS,,
1570,d090e923,Maven,SUCCESS,,
1571,238eaa76,Maven,SUCCESS,,
1572,ede49249,Maven,SUCCESS,,
1573,aeaecd2e,Maven,SUCCESS,,
1574,bce37741,Maven,SUCCESS,,
1575,c86a84d3,Maven,SUCCESS,,
1576,262e81ef,Maven,SUCCESS,,
1577,185dd23d,Maven,SUCCESS,,
1578,f4d4a0a9,Maven,SUCCESS,,
1579,68b4e393,Maven,SUCCESS,,
1580,3cd86b70,Maven,SUCCESS,,
1581,68e59d6d,Maven,SUCCESS,,
1582,90013d44,Maven,SUCCESS,,
1583,334bd9ce,Maven,SUCCESS,,
1584,cc6e2c09,Maven,SUCCESS,,
1585,d0cd805d,Maven,SUCCESS,,
1586,a714989b,Maven,SUCCESS,,
1587,e1bf14b4,Maven,SUCCESS,,
1588,f6a3d740,Maven,SUCCESS,,
1589,2a010a89,Maven,SUCCESS,,
1590,fc2d5067,Maven,SUCCESS,,
1591,5a439ed6,Maven,SUCCESS,,
1592,42e46515,Maven,SUCCESS,,
1593,2d8f404b,Maven,SUCCESS,,
1594,31c422f6,Maven,SUCCESS,,
1595,1064471b,Maven,SUCCESS,,
1596,e0726d38,Maven,SUCCESS,,
1597,0fac8c9b,Maven,SUCCESS,,
1598,5a6d47ca,Maven,SUCCESS,,
1599,bc2a68c9,Maven,SUCCESS,,
1600,879ab235,Maven,SUCCESS,,
1601,d919bb6d,Maven,SUCCESS,,
1602,81053692,Maven,SUCCESS,,
1603,fa35d6d8,Maven,SUCCESS,,
1604,db32e531,Maven,SUCCESS,,
1605,53e940c3,Maven,SUCCESS,,
1606,55d591ea,Maven,SUCCESS,,
1607,d56c7296,Maven,SUCCESS,,
1608,3f2d6f8f,Maven,SUCCESS,,
1609,0beb6793,Maven,SUCCESS,,
1610,aa828f4a,Maven,SUCCESS,,
1611,91a7ff28,Maven,SUCCESS,,
1612,9d9019ed,Maven,SUCCESS,,
1613,6047232d,Maven,SUCCESS,,
1614,cb818f19,Maven,SUCCESS,,
1615,af73a48f,Maven,SUCCESS,,
1616,73f85f59,Maven,SUCCESS,,
1617,a2a0b1a6,Maven,SUCCESS,,
1618,9e071a41,Maven,SUCCESS,,
1619,9b9d86d7,Maven,SUCCESS,,
1620,1768d08d,Maven,SUCCESS,,
1621,3bbf8298,Maven,SUCCESS,,
1622,9917b9fe,Maven,SUCCESS,,
1623,5ca9da98,Maven,SUCCESS,,
1624,fba19ba7,Maven,SUCCESS,,
1625,7eef2314,Maven,SUCCESS,,
1626,35b428a2,Maven,SUCCESS,,
1627,48af7e79,Maven,FAIL,MojoFailureException,Other
1628,85f9d839,Maven,SUCCESS,,
1629,9cf5b64d,Maven,SUCCESS,,
1630,bae4bd80,Maven,SUCCESS,,
1631,52889f2a,Maven,SUCCESS,,
1632,5e71994e,Maven,SUCCESS,,
1633,1273a356,Maven,SUCCESS,,
1634,d3ee5d06,Maven,SUCCESS,,
1635,1b138aa2,Maven,SUCCESS,,
1636,88e2a761,Maven,SUCCESS,,
1637,c75dcc28,Maven,SUCCESS,,
1638,e02beea0,Maven,SUCCESS,,
1639,df88873d,Maven,SUCCESS,,
1640,862f41cb,Maven,SUCCESS,,
1641,f5e7e1ff,Maven,SUCCESS,,
1642,fe5d86eb,Maven,SUCCESS,,
1643,d9054149,Maven,SUCCESS,,
1644,063004dc,Maven,SUCCESS,,
1645,51f22b5c,Maven,SUCCESS,,
1646,9ac4cc84,Maven,SUCCESS,,
1647,5e6cb8dd,Maven,SUCCESS,,
1648,3e8e8650,Maven,SUCCESS,,
1649,41f96743,Maven,SUCCESS,,
1650,bb13b318,Maven,SUCCESS,,
1651,8b35f0c0,Maven,SUCCESS,,
1652,0f623cd1,Maven,SUCCESS,,
1653,f40f106b,Maven,SUCCESS,,
1654,a71f8c16,Maven,SUCCESS,,
1655,dd395b49,Maven,SUCCESS,,
1656,bfa4cea9,Maven,SUCCESS,,
1657,91b2d357,Maven,SUCCESS,,
1658,81bb4fe2,Maven,SUCCESS,,
1659,d517352c,Maven,SUCCESS,,
1660,4f7ed2bd,Maven,SUCCESS,,
1661,734b6ba7,Maven,SUCCESS,,
1662,22409847,Maven,SUCCESS,,
1663,fd1ef3ca,Maven,SUCCESS,,
1664,7566c1da,Maven,SUCCESS,,
1665,e70ed85b,Maven,SUCCESS,,
1666,ce9bc582,Maven,SUCCESS,,
1667,4df71abb,Maven,SUCCESS,,
1668,17b56df8,Maven,SUCCESS,,
1669,d0642128,Maven,SUCCESS,,
1670,e9b0dda5,Maven,SUCCESS,,
1671,706c38a8,Maven,SUCCESS,,
1672,445ea85d,Maven,SUCCESS,,
1673,f521f900,Maven,SUCCESS,,
1674,5cdd7027,Maven,SUCCESS,,
1675,0956a4e6,Maven,SUCCESS,,
1676,da0a727e,Maven,SUCCESS,,
1677,b560fce6,Maven,SUCCESS,,
1678,192920c1,Maven,SUCCESS,,
1679,eaa2799d,Maven,SUCCESS,,
1680,d8cd6390,Maven,SUCCESS,,
1681,a8767914,Maven,SUCCESS,,
1682,d317f01b,Maven,SUCCESS,,
1683,6a756d53,Maven,SUCCESS,,
1684,1bb6d041,Maven,SUCCESS,,
1685,13ff0f99,Maven,SUCCESS,,
1686,0c6f4dc0,Maven,SUCCESS,,
1687,f925a047,Maven,SUCCESS,,
1688,d24f6393,Maven,SUCCESS,,
1689,6d572661,Maven,SUCCESS,,
1690,105c6a1e,Maven,SUCCESS,,
1691,34883d6e,Maven,SUCCESS,,
1692,a14fc5f1,Maven,SUCCESS,,
1693,dc5f4661,Maven,SUCCESS,,
1694,c1895d12,Maven,SUCCESS,,
1695,0cc40391,Maven,SUCCESS,,
1696,9fbafd6a,Maven,SUCCESS,,
1697,1029290b,Maven,SUCCESS,,
1698,cf870c0b,Maven,SUCCESS,,
1699,dcc298cf,Maven,SUCCESS,,
1700,619f4ff5,Maven,SUCCESS,,
1701,b645d2b5,Maven,SUCCESS,,
1702,bf2f922c,Maven,SUCCESS,,
1703,6a302a67,Maven,SUCCESS,,
1704,4512777f,Maven,SUCCESS,,
1705,66bfb24d,Maven,SUCCESS,,
1706,26e5df2e,Maven,SUCCESS,,
1707,c6ab1aff,Maven,SUCCESS,,
1708,b11e20e9,Maven,SUCCESS,,
1709,690a4c01,Maven,SUCCESS,,
1710,967438d4,Maven,SUCCESS,,
1711,00dadffa,Maven,SUCCESS,,
1712,6f817017,Maven,SUCCESS,,
1713,86fbf456,Maven,SUCCESS,,
1714,21898b1b,Maven,SUCCESS,,
1715,9c5a2f28,Maven,SUCCESS,,
1716,26c25f3d,Maven,SUCCESS,,
1717,4e9f1a65,Maven,SUCCESS,,
1718,0e1a559e,Maven,SUCCESS,,
1719,52e93b4f,Maven,SUCCESS,,
1720,fbb1efed,Maven,SUCCESS,,
1721,9fcdd99b,Maven,SUCCESS,,
1722,fb7925bf,Maven,SUCCESS,,
1723,13b33278,Maven,SUCCESS,,
1724,9052793a,Maven,SUCCESS,,
1725,34a2e246,Maven,SUCCESS,,
1726,1c6c1616,Maven,SUCCESS,,
1727,a4f088dc,Maven,SUCCESS,,
1728,f03bc79e,Maven,SUCCESS,,
1729,0abc0207,Maven,SUCCESS,,
1730,75cce069,Maven,SUCCESS,,
1731,79a71342,Maven,SUCCESS,,
1732,a664c207,Maven,SUCCESS,,
1733,8f98c584,Maven,SUCCESS,,
1734,afb3eec9,Maven,SUCCESS,,
1735,a231c3e1,Maven,SUCCESS,,
1736,15566c4b,Maven,SUCCESS,,
1737,9d3821f6,Maven,SUCCESS,,
1738,e792dc49,Maven,SUCCESS,,
1739,84dcb64c,Maven,SUCCESS,,
1740,1a5eb104,Maven,SUCCESS,,
1741,c9ceb59d,Maven,SUCCESS,,
1742,274041d2,Maven,SUCCESS,,
1743,30b54b48,Maven,SUCCESS,,
1744,c9ce4263,Maven,SUCCESS,,
1745,6dd24ff4,Maven,SUCCESS,,
1746,0733bbff,Maven,SUCCESS,,
1747,ecd5f069,Maven,SUCCESS,,
1748,a490b635,Maven,SUCCESS,,
1749,ae1ffc9b,Maven,SUCCESS,,
1750,f4682ce2,Maven,SUCCESS,,
1751,be322bce,Maven,SUCCESS,,
1752,c8b0f351,Maven,SUCCESS,,
1753,4802748c,Maven,SUCCESS,,
1754,eb8b5ee1,Maven,SUCCESS,,
1755,baf1ea01,Maven,SUCCESS,,
1756,161f656f,Maven,SUCCESS,,
1757,2859b41a,Maven,SUCCESS,,
1758,8a6ada28,Maven,SUCCESS,,
1759,cfa4583f,Maven,SUCCESS,,
1760,0ec8d579,Maven,SUCCESS,,
1761,30a42c9e,Maven,SUCCESS,,
1762,2ceb3f3e,Maven,SUCCESS,,
1763,970f20cf,Maven,SUCCESS,,
1764,888a35c0,Maven,SUCCESS,,
1765,6a89eb6d,Maven,SUCCESS,,
1766,460b5e7a,Maven,SUCCESS,,
1767,7185638b,Maven,SUCCESS,,
1768,f93e04cb,Maven,SUCCESS,,
1769,288f606a,Maven,SUCCESS,,
1770,1077e632,Maven,SUCCESS,,
1771,74fa3d09,Maven,SUCCESS,,
1772,bd6b059e,Maven,SUCCESS,,
1773,039329fa,Maven,SUCCESS,,
1774,6f23cbe2,Maven,SUCCESS,,
1775,fe64a2f9,Maven,SUCCESS,,
1776,d70ca7f7,Maven,SUCCESS,,
1777,41092ce4,Maven,SUCCESS,,
1778,2745d016,Maven,SUCCESS,,
1779,b064a274,Maven,SUCCESS,,
1780,8a63df4c,Maven,SUCCESS,,
1781,3e08f699,Maven,SUCCESS,,
1782,dca4a949,Maven,SUCCESS,,
1783,cb6abf6f,Maven,SUCCESS,,
1784,ba05e19d,Maven,SUCCESS,,
1785,0b3bcf3a,Maven,SUCCESS,,
1786,8f2dd003,Maven,SUCCESS,,
1787,1360f9b6,Maven,SUCCESS,,
1788,3189af00,Maven,SUCCESS,,
1789,a90b5ee0,Maven,SUCCESS,,
1790,15bd929c,Maven,SUCCESS,,
1791,95f56b32,Maven,SUCCESS,,
1792,9a0aec8f,Maven,SUCCESS,,
1793,759d24e0,Maven,SUCCESS,,
1794,db17e5f2,Maven,SUCCESS,,
1795,29a1fcc7,Maven,SUCCESS,,
1796,674bb8f2,Maven,SUCCESS,,
1797,b6145142,Maven,SUCCESS,,
1798,2cd6f108,Maven,SUCCESS,,
1799,27defc43,Maven,SUCCESS,,
1800,9c366d88,Maven,SUCCESS,,
1801,e203f4be,Maven,SUCCESS,,
1802,cb0c4e9f,Maven,SUCCESS,,
1803,2ec10d8a,Maven,SUCCESS,,
1804,e98d4352,Maven,SUCCESS,,
1805,d1b8c04e,Maven,SUCCESS,,
1806,745ca05d,Maven,SUCCESS,,
1807,07447b5f,Maven,SUCCESS,,
1808,dbfd4faa,Maven,SUCCESS,,
1809,96cfed79,Maven,SUCCESS,,
1810,e65558c1,Maven,SUCCESS,,
1811,c52397d4,Maven,SUCCESS,,
1812,c399dd68,Maven,SUCCESS,,
1813,63743d52,Maven,SUCCESS,,
1814,291639e4,Maven,SUCCESS,,
1815,62dd5095,Maven,SUCCESS,,
1816,1d97da73,Maven,SUCCESS,,
1817,88f7a12d,Maven,SUCCESS,,
1818,46813938,Maven,SUCCESS,,
1819,9e21ea6b,Maven,SUCCESS,,
1820,1c1537d3,Maven,SUCCESS,,
1821,17541733,Maven,SUCCESS,,
1822,c23833ec,Maven,SUCCESS,,
1823,fc7c72e5,Maven,SUCCESS,,
1824,00711f69,Maven,SUCCESS,,
1825,cf507ab8,Maven,SUCCESS,,
1826,4b7db358,Maven,SUCCESS,,
1827,f8b36698,Maven,SUCCESS,,
1828,a6282ab9,Maven,SUCCESS,,
1829,56a03468,Maven,SUCCESS,,
1830,5784c8ab,Maven,SUCCESS,,
1831,aea63f05,Maven,SUCCESS,,
1832,686240ea,Maven,SUCCESS,,
1833,02ec1db1,Maven,SUCCESS,,
1834,b32c0b32,Maven,SUCCESS,,
1835,968abcfd,Maven,SUCCESS,,
1836,e0367cda,Maven,SUCCESS,,
1837,26d43835,Maven,SUCCESS,,
1838,4cca68f8,Maven,SUCCESS,,
1839,5496a0a0,Maven,SUCCESS,,
1840,a959bce5,Maven,SUCCESS,,
1841,696f665d,Maven,SUCCESS,,
1842,b2d26ecd,Maven,SUCCESS,,
1843,cfe6afad,Maven,SUCCESS,,
1844,ae497d38,Maven,SUCCESS,,
1845,5e692e43,Maven,SUCCESS,,
1846,fe410297,Maven,SUCCESS,,
1847,ad09a5cf,Maven,SUCCESS,,
1848,5d059936,Maven,SUCCESS,,
1849,950702c6,Maven,SUCCESS,,
1850,8f59230f,Maven,SUCCESS,,
1851,a5d194fc,Maven,SUCCESS,,
1852,23c1ef4d,Maven,SUCCESS,,
1853,70f082f4,Maven,SUCCESS,,
1854,23c8e97e,Maven,SUCCESS,,
1855,63b19504,Maven,SUCCESS,,
1856,df00d5ec,Maven,SUCCESS,,
1857,759061a3,Maven,SUCCESS,,
1858,6ca812e0,Maven,SUCCESS,,
1859,dc23211e,Maven,SUCCESS,,
1860,15c925c4,Maven,SUCCESS,,
1861,d9b90bc2,Maven,SUCCESS,,
1862,e12bb770,Maven,SUCCESS,,
1863,8019c199,Maven,SUCCESS,,
1864,0e64f5c9,Maven,SUCCESS,,
1865,e1315c75,Maven,SUCCESS,,
1866,a1f68c6d,Maven,SUCCESS,,
1867,2f86c6f6,Maven,SUCCESS,,
1868,7ae75535,Maven,SUCCESS,,
1869,0ffc637a,Maven,SUCCESS,,
1870,9d2817c1,Maven,SUCCESS,,
1871,4914d90e,Maven,SUCCESS,,
1872,ec298c9a,Maven,SUCCESS,,
1873,a0576ab1,Maven,SUCCESS,,
1874,95fc32d8,Maven,SUCCESS,,
1875,8db80325,Maven,SUCCESS,,
1876,4eecfb1e,Maven,SUCCESS,,
1877,a7537088,Maven,SUCCESS,,
1878,127f1bb2,Maven,SUCCESS,,
1879,e304688f,Maven,SUCCESS,,
1880,9274f00a,Maven,SUCCESS,,
1881,817ea24f,Maven,SUCCESS,,
1882,ef7b30f2,Maven,SUCCESS,,
1883,74b11e0c,Maven,SUCCESS,,
1884,0d84dce2,Maven,SUCCESS,,
1885,f17e0671,Maven,SUCCESS,,
1886,c7d04da7,Maven,SUCCESS,,
1887,c14fe172,Maven,SUCCESS,,
1888,364eaa2d,Maven,SUCCESS,,
1889,aa5ed2e5,Maven,SUCCESS,,
1890,e9b8b447,Maven,SUCCESS,,
1891,d611a84f,Maven,SUCCESS,,
1892,cf2fe3a3,Maven,SUCCESS,,
1893,eb374efe,Maven,SUCCESS,,
1894,0550afa6,Maven,SUCCESS,,
1895,08a610b2,Maven,SUCCESS,,
1896,9b864b9c,Maven,SUCCESS,,
1897,87f64ab3,Maven,SUCCESS,,
1898,d621a838,Maven,SUCCESS,,
1899,8aea9bc6,Maven,SUCCESS,,
1900,bc235a47,Maven,SUCCESS,,
1901,ab5d85e7,Maven,SUCCESS,,
1902,1ef44913,Maven,SUCCESS,,
1903,e8b65582,Maven,SUCCESS,,
1904,be4cdb25,Maven,SUCCESS,,
1905,4baabd8b,Maven,SUCCESS,,
1906,7c6c36d0,Maven,SUCCESS,,
1907,3b544f57,Maven,SUCCESS,,
1908,4c78da06,Maven,SUCCESS,,
1909,fee8a742,Maven,SUCCESS,,
1910,bbbb8571,Maven,SUCCESS,,
1911,d96a05f8,Maven,SUCCESS,,
1912,1e55e32b,Maven,SUCCESS,,
1913,54081627,Maven,SUCCESS,,
1914,07cf3c7f,Maven,SUCCESS,,
1915,533dbb7b,Maven,SUCCESS,,
1916,56a63f16,Maven,SUCCESS,,
1917,daa46e40,Maven,SUCCESS,,
1918,71a32216,Maven,SUCCESS,,
1919,afdbe56d,Maven,SUCCESS,,
1920,c5a2e043,Maven,SUCCESS,,
1921,890ba977,Maven,SUCCESS,,
1922,e5615908,Maven,SUCCESS,,
1923,34701f7a,Maven,SUCCESS,,
1924,883c1bb6,Maven,SUCCESS,,
1925,008299ef,Maven,SUCCESS,,
1926,7d07b8db,Maven,SUCCESS,,
1927,755a82f0,Maven,SUCCESS,,
1928,2a88771e,Maven,SUCCESS,,
1929,510d8079,Maven,SUCCESS,,
1930,3d7dfb3f,Maven,SUCCESS,,
1931,3dbe046a,Maven,SUCCESS,,
1932,a5727fce,Maven,SUCCESS,,
1933,86b9346e,Maven,SUCCESS,,
1934,c2f2a8c1,Maven,SUCCESS,,
1935,d0b029f6,Maven,SUCCESS,,
1936,af83b6ba,Maven,SUCCESS,,
1937,8d63bc65,Maven,SUCCESS,,
1938,597977ed,Maven,SUCCESS,,
1939,5c885a7d,Maven,SUCCESS,,
1940,6cf8f1fa,Maven,SUCCESS,,
1941,f6149a92,Maven,SUCCESS,,
1942,077f5c50,Maven,SUCCESS,,
1943,18b23a7e,Maven,SUCCESS,,
1944,b5e4174d,Maven,SUCCESS,,
1945,fc1b3571,Maven,SUCCESS,,
1946,80e7b0de,Maven,SUCCESS,,
1947,b69b3ab1,Maven,SUCCESS,,
1948,0841cbb1,Maven,SUCCESS,,
1949,2cf560ee,Maven,SUCCESS,,
1950,30a34986,Maven,SUCCESS,,
1951,8381b367,Maven,SUCCESS,,
1952,26f9ebac,Maven,SUCCESS,,
1953,99b0ebc7,Maven,SUCCESS,,
1954,c1aae8c8,Maven,SUCCESS,,
1955,39076ede,Maven,SUCCESS,,
1956,c731aa52,Maven,SUCCESS,,
1957,b6974003,Maven,SUCCESS,,
1958,8d057b4e,Maven,SUCCESS,,
1959,d0acd32b,Maven,SUCCESS,,
1960,16a2b51b,Maven,SUCCESS,,
1961,93b08bc9,Maven,SUCCESS,,
1962,d20ea40c,Maven,SUCCESS,,
1963,5e2616aa,Maven,SUCCESS,,
1964,304a03ec,Maven,SUCCESS,,
1965,e5e61c44,Maven,SUCCESS,,
1966,c508fc44,Maven,SUCCESS,,
1967,417add34,Maven,SUCCESS,,
1968,77450c71,Maven,SUCCESS,,
1969,ceaafcaf,Maven,SUCCESS,,
1970,433e41df,Maven,SUCCESS,,
1971,b9a154fc,Maven,SUCCESS,,
1972,4411c102,Maven,SUCCESS,,
1973,b03c6a52,Maven,SUCCESS,,
1974,7216e4bd,Maven,SUCCESS,,
1975,c391c25b,Maven,SUCCESS,,
1976,495a9a93,Maven,SUCCESS,,
1977,e94c5432,Maven,SUCCESS,,
1978,60aaf963,Maven,SUCCESS,,
1979,60d16e02,Maven,SUCCESS,,
1980,01768666,Maven,SUCCESS,,
1981,d4c8b1a2,Maven,SUCCESS,,
1982,64155f8a,Maven,SUCCESS,,
1983,102ebee6,Maven,SUCCESS,,
1984,3867a736,Maven,SUCCESS,,
1985,d712ef95,Maven,SUCCESS,,
1986,1fc1c122,Maven,SUCCESS,,
1987,96ca415d,Maven,SUCCESS,,
1988,bd5b90f7,Maven,SUCCESS,,
1989,270eabab,Maven,SUCCESS,,
1990,87b4aceb,Maven,SUCCESS,,
1991,4b79be8b,Maven,SUCCESS,,
1992,bfd76703,Maven,SUCCESS,,
1993,39d3fd65,Maven,SUCCESS,,
1994,b3a5b536,Maven,SUCCESS,,
1995,2b610961,Maven,SUCCESS,,
1996,aacc4438,Maven,SUCCESS,,
1997,d462bb93,Maven,SUCCESS,,
1998,207b0d72,Maven,SUCCESS,,
1999,3cea4a9e,Maven,SUCCESS,,
2000,ac655968,Maven,SUCCESS,,
2001,e6f04890,Maven,SUCCESS,,
2002,430e3669,Maven,SUCCESS,,
2003,d4772778,Maven,SUCCESS,,
2004,3d535e08,Maven,SUCCESS,,
2005,dfbf2ae8,Maven,SUCCESS,,
2006,340beca7,Maven,SUCCESS,,
2007,23684f6b,Maven,SUCCESS,,
2008,bc0292bd,Maven,SUCCESS,,
2009,64a1c760,Maven,SUCCESS,,
2010,bfd81449,Maven,SUCCESS,,
2011,e4c92d47,Maven,SUCCESS,,
2012,3f0adeaf,Maven,SUCCESS,,
2013,de926956,Maven,FAIL,MojoFailureException,Other
2014,54b76134,Maven,SUCCESS,,
2015,5245ddd2,Maven,SUCCESS,,
2016,8f2a5610,Maven,SUCCESS,,
2017,c7300033,Maven,SUCCESS,,
2018,0804ef4c,Maven,SUCCESS,,
2019,0f0152a8,Maven,SUCCESS,,
2020,a90b496a,Maven,SUCCESS,,
2021,38010188,Maven,SUCCESS,,
2022,dc90577a,Maven,SUCCESS,,
2023,9c337dcb,Maven,SUCCESS,,
2024,187c5648,Maven,SUCCESS,,
2025,47707e8d,Maven,SUCCESS,,
2026,a4699a1f,Maven,SUCCESS,,
2027,5dd69355,Maven,SUCCESS,,
2028,ad9972ba,Maven,SUCCESS,,
2029,3a5772da,Maven,SUCCESS,,
2030,b403288c,Maven,SUCCESS,,
2031,61994e0c,Maven,SUCCESS,,
2032,97654ff3,Maven,SUCCESS,,
2033,414e31f0,Maven,SUCCESS,,
2034,2adef6f3,Maven,SUCCESS,,
2035,37a8aaba,Maven,SUCCESS,,
2036,9f87b781,Maven,SUCCESS,,
2037,10f8f5ad,Maven,SUCCESS,,
2038,387e8518,Maven,SUCCESS,,
2039,b3f336f3,Maven,SUCCESS,,
2040,03eff4b9,Maven,SUCCESS,,
2041,4bef795f,Maven,SUCCESS,,
2042,82118e72,Maven,SUCCESS,,
2043,f56556f1,Maven,SUCCESS,,
2044,28a3a3b1,Maven,SUCCESS,,
2045,1ce094e7,Maven,SUCCESS,,
2046,04353c59,Maven,SUCCESS,,
2047,99da5691,Maven,SUCCESS,,
2048,eedd1f68,Maven,SUCCESS,,
2049,989be00b,Maven,SUCCESS,,
2050,40226c72,Maven,SUCCESS,,
2051,9b926838,Maven,SUCCESS,,
2052,f53a3ada,Maven,SUCCESS,,
2053,e5c943ad,Maven,SUCCESS,,
2054,e848a973,Maven,SUCCESS,,
2055,00911b15,Maven,SUCCESS,,
2056,b8057bc3,Maven,SUCCESS,,
2057,fe175370,Maven,SUCCESS,,
2058,45f22658,Maven,SUCCESS,,
2059,bcbf43dc,Maven,SUCCESS,,
2060,bdb1799a,Maven,SUCCESS,,
2061,3289d942,Maven,SUCCESS,,
2062,1d63100e,Maven,SUCCESS,,
2063,860c1142,Maven,SUCCESS,,
2064,c52818e7,Maven,SUCCESS,,
2065,52c36eac,Maven,SUCCESS,,
2066,83e72f27,Maven,SUCCESS,,
2067,ff922af0,Maven,SUCCESS,,
2068,d573af74,Maven,SUCCESS,,
2069,fbbbcec0,Maven,SUCCESS,,
2070,33d9df3d,Maven,SUCCESS,,
2071,9371b5f5,Maven,SUCCESS,,
2072,d40d65bc,Maven,SUCCESS,,
2073,8d9e2051,Maven,SUCCESS,,
2074,3c3aa7c7,Maven,SUCCESS,,
2075,3e43555e,Maven,SUCCESS,,
2076,97304493,Maven,SUCCESS,,
2077,be602692,Maven,SUCCESS,,
2078,9ea4f8cc,Maven,SUCCESS,,
2079,3489500c,Maven,SUCCESS,,
2080,32f3c629,Maven,SUCCESS,,
2081,bd30934c,Maven,SUCCESS,,
2082,bd8a3f3b,Maven,SUCCESS,,
2083,e331eb94,Maven,SUCCESS,,
2084,73f5e4d0,Maven,SUCCESS,,
2085,7a565edd,Maven,SUCCESS,,
2086,d96d9db1,Maven,SUCCESS,,
2087,cab111ad,Maven,SUCCESS,,
2088,fd2c4fbb,Maven,SUCCESS,,
2089,94f6b677,Maven,SUCCESS,,
2090,6e5d8fd1,Maven,SUCCESS,,
2091,f8f1c548,Maven,SUCCESS,,
2092,44a09e71,Maven,SUCCESS,,
2093,38beb569,Maven,SUCCESS,,
2094,e9e9da84,Maven,SUCCESS,,
2095,bc9618af,Maven,SUCCESS,,
2096,ce7ce514,Maven,SUCCESS,,
2097,6f10321b,Maven,SUCCESS,,
2098,388ae4ce,Maven,SUCCESS,,
2099,75225f76,Maven,SUCCESS,,
2100,bff043be,Maven,SUCCESS,,
2101,d3a0ce20,Maven,SUCCESS,,
2102,b978f680,Maven,SUCCESS,,
2103,588d82a7,Maven,SUCCESS,,
2104,baf48c1a,Maven,SUCCESS,,
2105,60fac448,Maven,SUCCESS,,
2106,2a5558e7,Maven,SUCCESS,,
2107,277ccefb,Maven,SUCCESS,,
2108,d5428f3f,Maven,SUCCESS,,
2109,1079730d,Maven,SUCCESS,,
2110,c7313b19,Maven,SUCCESS,,
2111,a2ea00d7,Maven,SUCCESS,,
2112,e65310f8,Maven,SUCCESS,,
2113,32f3458f,Maven,SUCCESS,,
2114,30c64f44,Maven,SUCCESS,,
2115,57952f87,Maven,SUCCESS,,
2116,cbea22cf,Maven,SUCCESS,,
2117,581a3717,Maven,SUCCESS,,
2118,01831e8f,Maven,SUCCESS,,
2119,2e2b962c,Maven,SUCCESS,,
2120,625c5458,Maven,SUCCESS,,
2121,f537ba39,Maven,SUCCESS,,
2122,6ffe62ea,Maven,SUCCESS,,
2123,fc16d540,Maven,SUCCESS,,
2124,4cf6fb06,Maven,SUCCESS,,
2125,cf9aa293,Maven,SUCCESS,,
2126,94dcf2de,Maven,SUCCESS,,
2127,efbd2e80,Maven,SUCCESS,,
2128,47f596c7,Maven,SUCCESS,,
2129,77f2c512,Maven,SUCCESS,,
2130,23871dba,Maven,SUCCESS,,
2131,59baeed4,Maven,SUCCESS,,
2132,b6ee6c13,Maven,SUCCESS,,
2133,c88cd1f7,Maven,SUCCESS,,
2134,252e19cf,Maven,SUCCESS,,
2135,5ae6473d,Maven,SUCCESS,,
2136,9bad8ce0,Maven,SUCCESS,,
2137,d1c68a97,Maven,SUCCESS,,
2138,c62e0a34,Maven,SUCCESS,,
2139,9e91ecc7,Maven,SUCCESS,,
2140,e73b2b3b,Maven,SUCCESS,,
2141,fb69e993,Maven,SUCCESS,,
2142,04c3f995,Maven,SUCCESS,,
2143,33fa8a84,Maven,SUCCESS,,
2144,928fc1af,Maven,SUCCESS,,
2145,91c9ee56,Maven,SUCCESS,,
2146,c650a0fa,Maven,SUCCESS,,
2147,a7dcfb47,Maven,SUCCESS,,
2148,383f1807,Maven,SUCCESS,,
2149,d7e47e37,Maven,SUCCESS,,
2150,8e05e949,Maven,SUCCESS,,
2151,24661e07,Maven,SUCCESS,,
2152,c55a6641,Maven,SUCCESS,,
2153,d6279729,Maven,SUCCESS,,
2154,55210021,Maven,SUCCESS,,
2155,d57c4461,Maven,SUCCESS,,
2156,0e242d70,Maven,SUCCESS,,
2157,4f2ed5d7,Maven,SUCCESS,,
2158,b581c763,Maven,SUCCESS,,
2159,c2ba99e9,Maven,SUCCESS,,
2160,06187f3e,Maven,SUCCESS,,
2161,ce82fff2,Maven,SUCCESS,,
2162,e0df1de9,Maven,SUCCESS,,
2163,e8a73c82,Maven,SUCCESS,,
2164,b2786a9b,Maven,SUCCESS,,
2165,5e5ea216,Maven,SUCCESS,,
2166,0a3c5b07,Maven,SUCCESS,,
2167,179b06c9,Maven,SUCCESS,,
2168,1db00d5a,Maven,SUCCESS,,
2169,6175fa65,Maven,SUCCESS,,
2170,06274d1c,Maven,SUCCESS,,
2171,05167f3d,Maven,SUCCESS,,
2172,6fe93c1a,Maven,SUCCESS,,
2173,1f75796e,Maven,SUCCESS,,
2174,9e98a85e,Maven,SUCCESS,,
2175,5345833c,Maven,SUCCESS,,
2176,c34c97e4,Maven,SUCCESS,,
2177,19f9ccca,Maven,SUCCESS,,
2178,1c5a8eff,Maven,SUCCESS,,
2179,8962aefc,Maven,SUCCESS,,
2180,32d7f24b,Maven,SUCCESS,,
2181,236e75bd,Maven,SUCCESS,,
2182,b052c712,Maven,SUCCESS,,
2183,5878c7c9,Maven,SUCCESS,,
2184,d5c0bae3,Maven,SUCCESS,,
2185,65a98b47,Maven,SUCCESS,,
2186,82bea5dc,Maven,SUCCESS,,
2187,0431f42c,Maven,SUCCESS,,
2188,3bd79f0c,Maven,SUCCESS,,
2189,fd691746,Maven,SUCCESS,,
2190,4d0d1824,Maven,SUCCESS,,
2191,de6077c8,Maven,SUCCESS,,
2192,54d6e949,Maven,SUCCESS,,
2193,c4c8ebd0,Maven,SUCCESS,,
2194,17a2f117,Maven,SUCCESS,,
2195,df016dc0,Maven,SUCCESS,,
2196,2bf3509d,Maven,SUCCESS,,
2197,24b8ee0b,Maven,SUCCESS,,
2198,392c673b,Maven,SUCCESS,,
2199,316e5b6e,Maven,SUCCESS,,
2200,23688534,Maven,SUCCESS,,
2201,db8d5800,Maven,SUCCESS,,
2202,b8b21a2a,Maven,SUCCESS,,
2203,1baceb2a,Maven,SUCCESS,,
2204,9b85ea03,Maven,SUCCESS,,
2205,a688f6ce,Maven,SUCCESS,,
2206,892f798b,Maven,SUCCESS,,
2207,b2d7fce6,Maven,SUCCESS,,
2208,7f2569fb,Maven,SUCCESS,,
2209,f4a13cb4,Maven,SUCCESS,,
2210,dc43a04f,Maven,SUCCESS,,
2211,72acfaaa,Maven,SUCCESS,,
2212,8fb81532,Maven,SUCCESS,,
2213,0e4cb7ee,Maven,SUCCESS,,
2214,48846549,Maven,SUCCESS,,
2215,4c0c7876,Maven,SUCCESS,,
2216,7e38e390,Maven,SUCCESS,,
2217,b1d37670,Maven,SUCCESS,,
2218,85d7d332,Maven,SUCCESS,,
2219,c07965ab,Maven,SUCCESS,,
2220,e6a20043,Maven,SUCCESS,,
2221,41d44734,Maven,SUCCESS,,
2222,35c8fd37,Maven,SUCCESS,,
2223,2b6fa701,Maven,SUCCESS,,
2224,756959c1,Maven,SUCCESS,,
2225,61f8c837,Maven,SUCCESS,,
2226,93bcc8d5,Maven,SUCCESS,,
2227,36375506,Maven,SUCCESS,,
2228,ee440345,Maven,SUCCESS,,
2229,25495b3e,Maven,SUCCESS,,
2230,a2518963,Maven,SUCCESS,,
2231,140f1cde,Maven,SUCCESS,,
2232,d50032d6,Maven,SUCCESS,,
2233,23b0bb0e,Maven,SUCCESS,,
2234,0138b154,Maven,SUCCESS,,
2235,58f1598c,Maven,SUCCESS,,
2236,394e199f,Maven,SUCCESS,,
2237,1887122f,Maven,SUCCESS,,
2238,25f96a30,Maven,SUCCESS,,
2239,45b990ae,Maven,SUCCESS,,
2240,a068272d,Maven,SUCCESS,,
2241,a73dc0d5,Maven,SUCCESS,,
2242,b87d766f,Maven,FAIL,MojoFailureException,Other
2243,4042487e,Maven,SUCCESS,,
2244,29cb6cb3,Maven,SUCCESS,,
2245,638e8243,Maven,SUCCESS,,
2246,44cd8f80,Maven,SUCCESS,,
2247,88f63daa,Maven,SUCCESS,,
2248,ac273c08,Maven,SUCCESS,,
2249,edcb8227,Maven,SUCCESS,,
2250,8baae6ec,Maven,SUCCESS,,
2251,d69cdd80,Maven,SUCCESS,,
2252,47be7da0,Maven,SUCCESS,,
2253,6f685561,Maven,SUCCESS,,
2254,24dab774,Maven,SUCCESS,,
2255,c85c6147,Maven,SUCCESS,,
2256,b19ff583,Maven,SUCCESS,,
2257,ae28d978,Maven,SUCCESS,,
2258,d112596c,Maven,SUCCESS,,
2259,4d472c8b,Maven,SUCCESS,,
2260,aea31f9f,Maven,SUCCESS,,
2261,a5acc2de,Maven,SUCCESS,,
2262,852762b4,Maven,SUCCESS,,
2263,326f9bbc,Maven,SUCCESS,,
2264,f15ee64e,Maven,SUCCESS,,
2265,709b81e7,Maven,SUCCESS,,
2266,d066f522,Maven,SUCCESS,,
2267,a03e02a2,Maven,SUCCESS,,
2268,ead2fe7c,Maven,SUCCESS,,
2269,861569f2,Maven,SUCCESS,,
2270,39b8a92d,Maven,SUCCESS,,
2271,a58d459d,Maven,SUCCESS,,
2272,a29f45a3,Maven,SUCCESS,,
2273,6d140c7c,Maven,SUCCESS,,
2274,cebbf5e1,Maven,SUCCESS,,
2275,113e8b7c,Maven,SUCCESS,,
2276,6838ac0e,Maven,SUCCESS,,
2277,26d61457,Maven,SUCCESS,,
2278,3ce01b14,Maven,SUCCESS,,
2279,1bf8438b,Maven,SUCCESS,,
2280,7c94e33e,Maven,SUCCESS,,
2281,d07ed0bf,Maven,SUCCESS,,
2282,a81c5e2e,Maven,SUCCESS,,
2283,3dc8cce2,Maven,SUCCESS,,
2284,9ee38147,Maven,SUCCESS,,
2285,9cdf06c5,Maven,SUCCESS,,
2286,9d2fe4ef,Maven,SUCCESS,,
2287,de3404db,Maven,SUCCESS,,
2288,efdcb373,Maven,SUCCESS,,
2289,f34c4435,Maven,SUCCESS,,
2290,e0b5e243,Maven,SUCCESS,,
2291,563d32cd,Maven,SUCCESS,,
2292,3f736cf5,Maven,SUCCESS,,
2293,2cb24ea0,Maven,SUCCESS,,
2294,7111b962,Maven,SUCCESS,,
2295,6324fde3,Maven,SUCCESS,,
2296,bb48ff9a,Maven,SUCCESS,,
2297,aad22b88,Maven,SUCCESS,,
2298,e024f837,Maven,SUCCESS,,
2299,24dfdd76,Maven,SUCCESS,,
2300,376c2fc3,Maven,SUCCESS,,
2301,2510a7e8,Maven,SUCCESS,,
2302,d2b75f93,Maven,SUCCESS,,
2303,24f6632a,Maven,SUCCESS,,
2304,a832c5af,Maven,SUCCESS,,
2305,03298e26,Maven,SUCCESS,,
2306,039a24e6,Maven,SUCCESS,,
2307,0900bc02,Maven,SUCCESS,,
2308,34359980,Maven,SUCCESS,,
2309,41c8f3eb,Maven,SUCCESS,,
2310,43cdf991,Maven,SUCCESS,,
2311,1b4ac073,Maven,SUCCESS,,
2312,347eb809,Maven,SUCCESS,,
2313,627b85ab,Maven,SUCCESS,,
2314,3d7de190,Maven,SUCCESS,,
2315,f7d4f283,Maven,SUCCESS,,
2316,926b1d49,Maven,SUCCESS,,
2317,aa02545c,Maven,SUCCESS,,
2318,660a3732,Maven,SUCCESS,,
2319,d3d7a8b1,Maven,SUCCESS,,
2320,1d0688f5,Maven,SUCCESS,,
2321,04d62454,Maven,SUCCESS,,
2322,7a098547,Maven,SUCCESS,,
2323,9b061ea8,Maven,SUCCESS,,
2324,0bec5732,Maven,SUCCESS,,
2325,cf13399b,Maven,SUCCESS,,
2326,ed6813d3,Maven,SUCCESS,,
2327,00f2f763,Maven,SUCCESS,,
2328,5785d9df,Maven,SUCCESS,,
2329,cceaf19c,Maven,SUCCESS,,
2330,5aa5f164,Maven,SUCCESS,,
2331,0038617a,Maven,SUCCESS,,
2332,eb75886b,Maven,SUCCESS,,
2333,f5dda835,Maven,SUCCESS,,
2334,54b338c3,Maven,SUCCESS,,
2335,63fd2771,Maven,SUCCESS,,
2336,0e2d999c,Maven,SUCCESS,,
2337,64eb7302,Maven,SUCCESS,,
2338,02c32802,Maven,SUCCESS,,
2339,78029cd9,Maven,SUCCESS,,
2340,5bb66d32,Maven,SUCCESS,,
2341,568424ad,Maven,SUCCESS,,
2342,ec3d88ed,Maven,SUCCESS,,
2343,b8300f0d,Maven,SUCCESS,,
2344,814faffa,Maven,SUCCESS,,
2345,dc988e24,Maven,SUCCESS,,
2346,6973fa1d,Maven,SUCCESS,,
2347,23157b75,Maven,SUCCESS,,
2348,4c6975f9,Maven,SUCCESS,,
2349,67d424b2,Maven,SUCCESS,,
2350,01d7ec2c,Maven,SUCCESS,,
2351,10a863ee,Maven,SUCCESS,,
2352,d89a403e,Maven,SUCCESS,,
2353,6e1d2e6e,Maven,SUCCESS,,
2354,3681aa37,Maven,SUCCESS,,
2355,ab7c9615,Maven,SUCCESS,,
2356,fc46c042,Maven,SUCCESS,,
2357,c16e9326,Maven,SUCCESS,,
2358,e22bd95a,Maven,SUCCESS,,
2359,9b34c4b6,Maven,SUCCESS,,
2360,61c3a030,Maven,SUCCESS,,
2361,c3715204,Maven,SUCCESS,,
2362,138d2780,Maven,SUCCESS,,
2363,9a288480,Maven,SUCCESS,,
2364,faa0e334,Maven,SUCCESS,,
2365,49f1c5da,Maven,SUCCESS,,
2366,69424956,Maven,SUCCESS,,
2367,1844d843,Maven,SUCCESS,,
2368,cbb66140,Maven,SUCCESS,,
2369,c8250adc,Maven,SUCCESS,,
2370,6d0fad48,Maven,SUCCESS,,
2371,039dbd17,Maven,SUCCESS,,
2372,2101dad6,Maven,SUCCESS,,
2373,a5e71079,Maven,SUCCESS,,
2374,721b819b,Maven,SUCCESS,,
2375,fd9882a4,Maven,SUCCESS,,
2376,0d295554,Maven,SUCCESS,,
2377,a27c8913,Maven,SUCCESS,,
2378,421f31a7,Maven,SUCCESS,,
2379,d24a4f9c,Maven,SUCCESS,,
2380,5339b242,Maven,SUCCESS,,
2381,68e45a19,Maven,SUCCESS,,
2382,b9a1291c,Maven,SUCCESS,,
2383,3c613190,Maven,SUCCESS,,
2384,4c418a43,Maven,SUCCESS,,
2385,a0f07dd2,Maven,SUCCESS,,
2386,7c2ac2b0,Maven,SUCCESS,,
2387,37610e67,Maven,SUCCESS,,
2388,552bb392,Maven,SUCCESS,,
2389,8a367c1b,Maven,SUCCESS,,
2390,29f930ac,Maven,SUCCESS,,
2391,d9861ecd,Maven,SUCCESS,,
2392,fc3813fb,Maven,SUCCESS,,
2393,fd27d362,Maven,SUCCESS,,
2394,a5de8a09,Maven,SUCCESS,,
2395,0fe662d1,Maven,SUCCESS,,
2396,8c9e81da,Maven,SUCCESS,,
2397,dd6def82,Maven,SUCCESS,,
2398,1ba4b2b4,Maven,SUCCESS,,
2399,467c3f8e,Maven,SUCCESS,,
2400,34cfd132,Maven,SUCCESS,,
2401,f727ecfd,Maven,SUCCESS,,
2402,7065f378,Maven,SUCCESS,,
2403,f7002b51,Maven,SUCCESS,,
2404,1d7e041d,Maven,SUCCESS,,
2405,ffbe5dbf,Maven,SUCCESS,,
2406,720ee195,Maven,SUCCESS,,
2407,6a821fff,Maven,SUCCESS,,
2408,30d55e18,Maven,SUCCESS,,
2409,ec52ffa1,Maven,SUCCESS,,
2410,f6961b9e,Maven,SUCCESS,,
2411,58b3ab6c,Maven,SUCCESS,,
2412,eac719aa,Maven,SUCCESS,,
2413,0f3f825b,Maven,SUCCESS,,
2414,17d340a7,Maven,SUCCESS,,
2415,fc3938ac,Maven,SUCCESS,,
2416,6c7cb4b2,Maven,SUCCESS,,
2417,6c5de817,Maven,SUCCESS,,
2418,7c2f12c9,Maven,SUCCESS,,
2419,b51fa17f,Maven,SUCCESS,,
2420,0a5a2f81,Maven,SUCCESS,,
2421,ea2e2293,Maven,SUCCESS,,
2422,c0bdd7d4,Maven,SUCCESS,,
2423,8fd0197c,Maven,SUCCESS,,
2424,038f7518,Maven,SUCCESS,,
2425,6f6f6c12,Maven,SUCCESS,,
2426,2df7e088,Maven,SUCCESS,,
2427,95af9761,Maven,SUCCESS,,
2428,435d41f0,Maven,SUCCESS,,
2429,4bbee02d,Maven,SUCCESS,,
2430,8c0df64f,Maven,SUCCESS,,
2431,50a285d3,Maven,SUCCESS,,
